Time Stamp,Sensor Value
2025-03-15T15:30:35.490734+05:30,Sensor Value: 142
2025-03-15T15:30:37.489527+05:30,Sensor Value: 135
2025-03-15T15:30:39.492059+05:30,Sensor Value: 138
2025-03-15T15:30:41.495959+05:30,Sensor Value: 148
2025-03-15T15:30:43.497500+05:30,Sensor Value: 146
2025-03-15T15:30:45.501937+05:30,Sensor Value: 150
2025-03-15T15:30:47.505604+05:30,Sensor Value: 138
2025-03-15T15:30:49.501771+05:30,Sensor Value: 142
2025-03-15T15:30:51.509594+05:30,Sensor Value: 142
2025-03-15T15:30:53.508583+05:30,Sensor Value: 142
2025-03-15T15:30:55.511566+05:30,Sensor Value: 152
2025-03-15T15:30:57.509485+05:30,Sensor Value: 134
2025-03-15T15:30:59.511806+05:30,Sensor Value: 149
2025-03-15T15:31:01.516251+05:30,Sensor Value: 148
2025-03-15T15:31:03.514723+05:30,Sensor Value: 176
2025-03-15T15:31:05.517255+05:30,Sensor Value: 170
2025-03-15T15:31:07.516778+05:30,Sensor Value: 180
2025-03-15T15:31:09.518751+05:30,Sensor Value: 177
2025-03-15T15:31:11.523511+05:30,Sensor Value: 173
2025-03-15T15:31:13.524120+05:30,Sensor Value: 179
2025-03-15T15:31:15.528350+05:30,Sensor Value: 169
2025-03-15T15:31:17.530184+05:30,Sensor Value: 171
2025-03-15T15:31:19.528969+05:30,Sensor Value: 170
2025-03-15T15:31:21.531496+05:30,Sensor Value: 153
2025-03-15T15:31:23.548865+05:30,Sensor Value: 143
2025-03-15T15:31:25.567731+05:30,Sensor Value: 156
2025-03-15T15:31:27.577526+05:30,Sensor Value: 147
2025-03-15T15:31:29.582114+05:30,Sensor Value: 158
2025-03-15T15:31:31.594008+05:30,Sensor Value: 160
2025-03-15T15:31:33.603341+05:30,Sensor Value: 146
2025-03-15T15:31:35.601904+05:30,Sensor Value: 156
2025-03-15T15:31:37.606137+05:30,Sensor Value: 152
2025-03-15T15:31:39.614689+05:30,Sensor Value: 153
2025-03-15T15:31:41.617400+05:30,Sensor Value: 159
2025-03-15T15:31:43.615858+05:30,Sensor Value: 158
2025-03-15T15:31:45.618817+05:30,Sensor Value: 146
2025-03-15T15:31:47.626828+05:30,Sensor Value: 167
2025-03-15T15:31:49.634774+05:30,Sensor Value: 156
2025-03-15T15:31:51.627933+05:30,Sensor Value: 166
2025-03-15T15:31:53.631308+05:30,Sensor Value: 155
2025-03-15T15:31:55.637820+05:30,Sensor Value: 132
2025-03-15T15:31:57.630882+05:30,Sensor Value: 147
2025-03-15T15:31:59.637396+05:30,Sensor Value: 144
2025-03-15T15:32:01.640837+05:30,Sensor Value: 152
2025-03-15T15:32:03.638107+05:30,Sensor Value: 157
2025-03-15T15:32:05.638846+05:30,Sensor Value: 160
2025-03-15T15:32:07.641351+05:30,Sensor Value: 160
2025-03-15T15:32:09.641566+05:30,Sensor Value: 157
2025-03-15T15:32:11.685586+05:30,Sensor Value: 161
2025-03-15T15:32:13.726364+05:30,Sensor Value: 157
2025-03-15T15:32:15.757272+05:30,Sensor Value: 157
2025-03-15T15:32:17.785790+05:30,Sensor Value: 156
2025-03-15T15:32:19.803523+05:30,Sensor Value: 156
2025-03-15T15:32:21.819248+05:30,Sensor Value: 155
2025-03-15T15:32:23.835798+05:30,Sensor Value: 155
2025-03-15T15:32:25.840922+05:30,Sensor Value: 154
2025-03-15T15:32:27.853765+05:30,Sensor Value: 146
2025-03-15T15:32:29.858251+05:30,Sensor Value: 152
2025-03-15T15:32:31.862263+05:30,Sensor Value: 153
2025-03-15T15:32:33.876231+05:30,Sensor Value: 149
2025-03-15T15:32:35.877838+05:30,Sensor Value: 153
2025-03-15T15:32:37.882293+05:30,Sensor Value: 153
2025-03-15T15:32:39.885051+05:30,Sensor Value: 153
2025-03-15T15:32:41.888399+05:30,Sensor Value: 153
2025-03-15T15:32:43.826651+05:30,Sensor Value: 153
2025-03-15T15:32:45.774853+05:30,Sensor Value: 151
2025-03-15T15:32:47.732378+05:30,Sensor Value: 150
2025-03-15T15:32:49.700826+05:30,Sensor Value: 150
2025-03-15T15:32:51.674959+05:30,Sensor Value: 150
2025-03-15T15:32:53.657674+05:30,Sensor Value: 149
2025-03-15T15:32:55.648112+05:30,Sensor Value: 147
2025-03-15T15:32:57.638389+05:30,Sensor Value: 147
2025-03-15T15:32:59.631611+05:30,Sensor Value: 147
2025-03-15T15:33:01.623574+05:30,Sensor Value: 148
2025-03-15T15:33:03.623298+05:30,Sensor Value: 136
2025-03-15T15:33:05.616192+05:30,Sensor Value: 146
2025-03-15T15:33:07.615634+05:30,Sensor Value: 150
2025-03-15T15:33:09.607716+05:30,Sensor Value: 149
2025-03-15T15:33:11.608605+05:30,Sensor Value: 149
2025-03-15T15:33:13.609849+05:30,Sensor Value: 147
2025-03-15T15:33:15.608181+05:30,Sensor Value: 147
2025-03-15T15:33:17.605718+05:30,Sensor Value: 147
2025-03-15T15:33:19.614993+05:30,Sensor Value: 148
2025-03-15T15:33:21.609164+05:30,Sensor Value: 147
2025-03-15T15:33:23.609449+05:30,Sensor Value: 147
2025-03-15T15:33:25.616936+05:30,Sensor Value: 145
2025-03-15T15:33:27.609329+05:30,Sensor Value: 147
2025-03-15T15:33:29.615808+05:30,Sensor Value: 143
2025-03-15T15:33:31.616994+05:30,Sensor Value: 140
2025-03-15T15:33:33.617884+05:30,Sensor Value: 120
2025-03-15T15:33:35.615540+05:30,Sensor Value: 120
2025-03-15T15:33:37.619164+05:30,Sensor Value: 125
2025-03-15T15:33:39.616612+05:30,Sensor Value: 126
2025-03-15T15:33:41.615809+05:30,Sensor Value: 129
2025-03-15T15:33:43.623679+05:30,Sensor Value: 142
2025-03-15T15:33:45.618279+05:30,Sensor Value: 136
2025-03-15T15:33:47.626437+05:30,Sensor Value: 132
2025-03-15T15:33:49.629536+05:30,Sensor Value: 127
2025-03-15T15:33:51.633420+05:30,Sensor Value: 118
2025-03-15T15:33:53.637445+05:30,Sensor Value: 136
2025-03-15T15:33:55.649810+05:30,Sensor Value: 119
2025-03-15T15:33:57.649140+05:30,Sensor Value: 135
2025-03-15T15:33:59.650210+05:30,Sensor Value: 126
2025-03-15T15:34:01.654811+05:30,Sensor Value: 124
2025-03-15T15:34:03.658365+05:30,Sensor Value: 136
2025-03-15T15:34:05.669863+05:30,Sensor Value: 135
2025-03-15T15:34:07.663840+05:30,Sensor Value: 125
2025-03-15T15:34:09.666273+05:30,Sensor Value: 126
2025-03-15T15:34:11.672118+05:30,Sensor Value: 136
2025-03-15T15:34:13.679080+05:30,Sensor Value: 137
2025-03-15T15:34:15.678139+05:30,Sensor Value: 139
2025-03-15T15:34:17.676204+05:30,Sensor Value: 130
2025-03-15T15:34:19.684799+05:30,Sensor Value: 132
2025-03-15T15:34:21.686070+05:30,Sensor Value: 147
2025-03-15T15:34:23.683207+05:30,Sensor Value: 146
2025-03-15T15:34:25.683067+05:30,Sensor Value: 131
2025-03-15T15:34:27.689233+05:30,Sensor Value: 143
2025-03-15T15:34:29.690091+05:30,Sensor Value: 140
2025-03-15T15:34:31.691206+05:30,Sensor Value: 144
2025-03-15T15:34:33.698384+05:30,Sensor Value: 146
2025-03-15T15:34:35.699196+05:30,Sensor Value: 143
2025-03-15T15:34:37.695529+05:30,Sensor Value: 143
2025-03-15T15:34:39.702133+05:30,Sensor Value: 136
2025-03-15T15:34:41.702636+05:30,Sensor Value: 140
2025-03-15T15:34:43.707348+05:30,Sensor Value: 138
2025-03-15T15:34:45.702271+05:30,Sensor Value: 142
2025-03-15T15:34:47.709237+05:30,Sensor Value: 144
2025-03-15T15:34:49.709391+05:30,Sensor Value: 140
2025-03-15T15:34:51.709008+05:30,Sensor Value: 142
2025-03-15T15:34:53.708883+05:30,Sensor Value: 142
2025-03-15T15:34:55.707841+05:30,Sensor Value: 136
2025-03-15T15:34:57.719366+05:30,Sensor Value: 127
2025-03-15T15:34:59.714697+05:30,Sensor Value: 130
2025-03-15T15:35:01.715931+05:30,Sensor Value: 142
2025-03-15T15:35:03.717771+05:30,Sensor Value: 136
2025-03-15T15:35:05.725428+05:30,Sensor Value: 128
2025-03-15T15:35:07.728115+05:30,Sensor Value: 127
2025-03-15T15:35:09.721398+05:30,Sensor Value: 132
2025-03-15T15:35:11.728697+05:30,Sensor Value: 137
2025-03-15T15:35:13.731221+05:30,Sensor Value: 146
2025-03-15T15:35:15.727689+05:30,Sensor Value: 141
2025-03-15T15:35:17.731963+05:30,Sensor Value: 138
2025-03-15T15:35:19.734038+05:30,Sensor Value: 139
2025-03-15T15:35:21.732618+05:30,Sensor Value: 129
2025-03-15T15:35:23.734512+05:30,Sensor Value: 128
2025-03-15T15:35:25.734715+05:30,Sensor Value: 133
2025-03-15T15:35:27.742620+05:30,Sensor Value: 128
2025-03-15T15:35:29.740130+05:30,Sensor Value: 131
2025-03-15T15:35:31.739614+05:30,Sensor Value: 142
2025-03-15T15:35:33.742630+05:30,Sensor Value: 145
2025-03-15T15:35:35.744960+05:30,Sensor Value: 129
2025-03-15T15:35:37.745631+05:30,Sensor Value: 136
2025-03-15T15:35:39.746834+05:30,Sensor Value: 142
2025-03-15T15:35:41.750462+05:30,Sensor Value: 144
2025-03-15T15:35:43.748591+05:30,Sensor Value: 142
2025-03-15T15:35:45.754364+05:30,Sensor Value: 144
2025-03-15T15:35:47.751460+05:30,Sensor Value: 146
2025-03-15T15:35:49.750555+05:30,Sensor Value: 147
2025-03-15T15:35:51.758295+05:30,Sensor Value: 143
2025-03-15T15:35:53.754627+05:30,Sensor Value: 142
2025-03-15T15:35:55.757958+05:30,Sensor Value: 137
2025-03-15T15:35:57.757015+05:30,Sensor Value: 126
2025-03-15T15:35:59.766629+05:30,Sensor Value: 136
2025-03-15T15:36:01.764576+05:30,Sensor Value: 141
2025-03-15T15:36:03.762769+05:30,Sensor Value: 141
2025-03-15T15:36:05.763545+05:30,Sensor Value: 139
2025-03-15T15:36:07.769372+05:30,Sensor Value: 139
2025-03-15T15:36:09.768466+05:30,Sensor Value: 140
2025-03-15T15:36:11.774291+05:30,Sensor Value: 128
2025-03-15T15:36:13.768846+05:30,Sensor Value: 137
2025-03-15T15:36:15.773594+05:30,Sensor Value: 136
2025-03-15T15:36:17.775152+05:30,Sensor Value: 138
2025-03-15T15:36:19.775111+05:30,Sensor Value: 132
2025-03-15T15:36:21.778418+05:30,Sensor Value: 138
2025-03-15T15:36:23.782541+05:30,Sensor Value: 139
2025-03-15T15:36:25.778881+05:30,Sensor Value: 139
2025-03-15T15:36:27.782453+05:30,Sensor Value: 129
2025-03-15T15:36:29.787077+05:30,Sensor Value: 139
2025-03-15T15:36:31.791003+05:30,Sensor Value: 139
2025-03-15T15:36:33.790844+05:30,Sensor Value: 137
2025-03-15T15:36:35.793497+05:30,Sensor Value: 131
2025-03-15T15:36:37.789232+05:30,Sensor Value: 139
2025-03-15T15:36:39.789751+05:30,Sensor Value: 140
2025-03-15T15:36:41.791241+05:30,Sensor Value: 138
2025-03-15T15:36:43.799461+05:30,Sensor Value: 137
2025-03-15T15:36:45.795093+05:30,Sensor Value: 137
2025-03-15T15:36:47.802929+05:30,Sensor Value: 137
2025-03-15T15:36:49.797402+05:30,Sensor Value: 139
2025-03-15T15:36:51.806231+05:30,Sensor Value: 141
2025-03-15T15:36:53.805265+05:30,Sensor Value: 140
2025-03-15T15:36:55.803522+05:30,Sensor Value: 141
2025-03-15T15:36:57.808626+05:30,Sensor Value: 139
2025-03-15T15:36:59.810169+05:30,Sensor Value: 139
2025-03-15T15:37:01.807554+05:30,Sensor Value: 139
2025-03-15T15:37:03.809952+05:30,Sensor Value: 134
2025-03-15T15:37:05.811716+05:30,Sensor Value: 129
2025-03-15T15:37:07.815405+05:30,Sensor Value: 124
2025-03-15T15:37:09.818032+05:30,Sensor Value: 127
2025-03-15T15:37:11.818964+05:30,Sensor Value: 126
2025-03-15T15:37:13.820635+05:30,Sensor Value: 126
2025-03-15T15:37:15.822634+05:30,Sensor Value: 128
2025-03-15T15:37:17.822671+05:30,Sensor Value: 124
2025-03-15T15:37:19.820818+05:30,Sensor Value: 128
2025-03-15T15:37:21.818479+05:30,Sensor Value: 132
2025-03-15T15:37:23.823895+05:30,Sensor Value: 133
2025-03-15T15:37:25.824748+05:30,Sensor Value: 126
2025-03-15T15:37:27.825736+05:30,Sensor Value: 132
2025-03-15T15:37:29.826654+05:30,Sensor Value: 131
2025-03-15T15:37:31.836195+05:30,Sensor Value: 131
2025-03-15T15:37:33.838283+05:30,Sensor Value: 130
2025-03-15T15:37:35.834371+05:30,Sensor Value: 126
2025-03-15T15:37:37.832934+05:30,Sensor Value: 137
2025-03-15T15:37:39.841238+05:30,Sensor Value: 135
2025-03-15T15:37:41.844656+05:30,Sensor Value: 128
2025-03-15T15:37:43.840776+05:30,Sensor Value: 130
2025-03-15T15:37:45.844146+05:30,Sensor Value: 130
2025-03-15T15:37:47.845688+05:30,Sensor Value: 126
2025-03-15T15:37:49.846835+05:30,Sensor Value: 130
2025-03-15T15:37:51.845254+05:30,Sensor Value: 133
2025-03-15T15:37:53.852315+05:30,Sensor Value: 135
2025-03-15T15:37:55.852139+05:30,Sensor Value: 135
2025-03-15T15:37:57.848024+05:30,Sensor Value: 137
2025-03-15T15:37:59.854175+05:30,Sensor Value: 131
2025-03-15T15:38:01.854264+05:30,Sensor Value: 133
2025-03-15T15:38:03.860501+05:30,Sensor Value: 135
2025-03-15T15:38:05.859749+05:30,Sensor Value: 169
2025-03-15T15:38:07.857295+05:30,Sensor Value: 168
2025-03-15T15:38:09.862402+05:30,Sensor Value: 162
2025-03-15T15:38:11.861038+05:30,Sensor Value: 159
2025-03-15T15:38:13.860568+05:30,Sensor Value: 151
2025-03-15T15:38:15.859687+05:30,Sensor Value: 149
2025-03-15T15:38:17.871143+05:30,Sensor Value: 146
2025-03-15T15:38:19.865098+05:30,Sensor Value: 0
2025-03-15T15:38:21.870715+05:30,Sensor Value: 120
2025-03-15T15:38:23.874584+05:30,Sensor Value: 157
2025-03-15T15:38:25.869735+05:30,Sensor Value: 168
2025-03-15T15:38:27.878228+05:30,Sensor Value: 143
2025-03-15T15:38:29.872656+05:30,Sensor Value: 138
2025-03-15T15:38:31.872533+05:30,Sensor Value: 146
2025-03-15T15:38:33.879299+05:30,Sensor Value: 144
2025-03-15T15:38:35.881437+05:30,Sensor Value: 143
2025-03-15T15:38:37.879383+05:30,Sensor Value: 143
2025-03-15T15:38:39.882513+05:30,Sensor Value: 140
2025-03-15T15:38:41.884282+05:30,Sensor Value: 139
2025-03-15T15:38:43.887309+05:30,Sensor Value: 139
2025-03-15T15:38:45.888300+05:30,Sensor Value: 140
2025-03-15T15:38:47.885689+05:30,Sensor Value: 138
2025-03-15T15:38:49.886910+05:30,Sensor Value: 138
2025-03-15T15:38:51.888931+05:30,Sensor Value: 136
2025-03-15T15:38:53.891542+05:30,Sensor Value: 135
2025-03-15T15:38:55.890536+05:30,Sensor Value: 137
2025-03-15T15:38:57.895687+05:30,Sensor Value: 137
2025-03-15T15:38:59.899794+05:30,Sensor Value: 137
2025-03-15T15:39:01.897332+05:30,Sensor Value: 136
2025-03-15T15:39:03.899464+05:30,Sensor Value: 136
2025-03-15T15:39:05.906366+05:30,Sensor Value: 135
2025-03-15T15:39:07.906391+05:30,Sensor Value: 135
2025-03-15T15:39:09.908782+05:30,Sensor Value: 135
2025-03-15T15:39:11.908727+05:30,Sensor Value: 135
2025-03-15T15:39:13.914135+05:30,Sensor Value: 135
2025-03-15T15:39:15.907269+05:30,Sensor Value: 135
2025-03-15T15:39:17.906347+05:30,Sensor Value: 133
2025-03-15T15:39:19.912237+05:30,Sensor Value: 109
2025-03-15T15:39:21.915494+05:30,Sensor Value: 107
2025-03-15T15:39:23.918374+05:30,Sensor Value: 116
2025-03-15T15:39:25.914420+05:30,Sensor Value: 112
2025-03-15T15:39:27.919459+05:30,Sensor Value: 109
2025-03-15T15:39:29.926344+05:30,Sensor Value: 102
2025-03-15T15:39:31.921708+05:30,Sensor Value: 104
2025-03-15T15:39:33.925548+05:30,Sensor Value: 109
2025-03-15T15:39:35.925754+05:30,Sensor Value: 145
2025-03-15T15:39:37.923362+05:30,Sensor Value: 150
2025-03-15T15:39:39.925937+05:30,Sensor Value: 115
2025-03-15T15:39:41.932447+05:30,Sensor Value: 96
2025-03-15T15:39:43.929666+05:30,Sensor Value: 104
2025-03-15T15:39:45.930253+05:30,Sensor Value: 98
2025-03-15T15:39:47.936205+05:30,Sensor Value: 101
2025-03-15T15:39:49.938940+05:30,Sensor Value: 100
2025-03-15T15:39:51.940609+05:30,Sensor Value: 101
2025-03-15T15:39:53.938988+05:30,Sensor Value: 102
2025-03-15T15:39:55.942026+05:30,Sensor Value: 99
2025-03-15T15:39:57.942121+05:30,Sensor Value: 97
2025-03-15T15:39:59.946138+05:30,Sensor Value: 103
2025-03-15T15:40:01.943987+05:30,Sensor Value: 101
2025-03-15T15:40:03.940927+05:30,Sensor Value: 109
2025-03-15T15:40:05.945855+05:30,Sensor Value: 101
2025-03-15T15:40:07.945546+05:30,Sensor Value: 99
2025-03-15T15:40:09.953627+05:30,Sensor Value: 112
2025-03-15T15:40:11.951627+05:30,Sensor Value: 106
2025-03-15T15:40:13.950158+05:30,Sensor Value: 113
2025-03-15T15:40:15.956531+05:30,Sensor Value: 111
2025-03-15T15:40:17.958647+05:30,Sensor Value: 108
2025-03-15T15:40:19.957990+05:30,Sensor Value: 115
2025-03-15T15:40:21.965103+05:30,Sensor Value: 114
2025-03-15T15:40:23.960060+05:30,Sensor Value: 116
2025-03-15T15:40:25.965075+05:30,Sensor Value: 115
2025-03-15T15:40:27.963358+05:30,Sensor Value: 112
2025-03-15T15:40:29.968072+05:30,Sensor Value: 116
2025-03-15T15:40:31.964452+05:30,Sensor Value: 116
2025-03-15T15:40:33.969169+05:30,Sensor Value: 115
2025-03-15T15:40:35.965469+05:30,Sensor Value: 106
2025-03-15T15:40:37.974678+05:30,Sensor Value: 106
2025-03-15T15:40:39.970096+05:30,Sensor Value: 113
2025-03-15T15:40:41.970534+05:30,Sensor Value: 115
2025-03-15T15:40:43.979537+05:30,Sensor Value: 109
2025-03-15T15:40:45.982620+05:30,Sensor Value: 110
2025-03-15T15:40:47.978212+05:30,Sensor Value: 109
2025-03-15T15:40:49.976830+05:30,Sensor Value: 104
2025-03-15T15:40:51.981632+05:30,Sensor Value: 111
2025-03-15T15:40:53.984192+05:30,Sensor Value: 101
2025-03-15T15:40:55.982371+05:30,Sensor Value: 102
2025-03-15T15:40:57.990051+05:30,Sensor Value: 93
2025-03-15T15:40:59.986640+05:30,Sensor Value: 98
2025-03-15T15:41:01.994631+05:30,Sensor Value: 100
2025-03-15T15:41:03.991936+05:30,Sensor Value: 102
2025-03-15T15:41:05.993281+05:30,Sensor Value: 103
2025-03-15T15:41:07.990491+05:30,Sensor Value: 101
2025-03-15T15:41:09.992839+05:30,Sensor Value: 101
2025-03-15T15:41:11.994997+05:30,Sensor Value: 108
2025-03-15T15:41:13.999911+05:30,Sensor Value: 111
2025-03-15T15:41:15.999211+05:30,Sensor Value: 108
2025-03-15T15:41:18.000265+05:30,Sensor Value: 113
2025-03-15T15:41:19.999395+05:30,Sensor Value: 113
2025-03-15T15:41:22.002882+05:30,Sensor Value: 114
2025-03-15T15:41:24.005268+05:30,Sensor Value: 112
2025-03-15T15:41:26.007948+05:30,Sensor Value: 101
2025-03-15T15:41:28.015073+05:30,Sensor Value: 103
2025-03-15T15:41:30.008517+05:30,Sensor Value: 112
2025-03-15T15:41:32.011412+05:30,Sensor Value: 111
2025-03-15T15:41:34.011441+05:30,Sensor Value: 111
2025-03-15T15:41:36.014703+05:30,Sensor Value: 95
2025-03-15T15:41:38.020911+05:30,Sensor Value: 97
2025-03-15T15:41:40.015207+05:30,Sensor Value: 101
2025-03-15T15:41:42.016885+05:30,Sensor Value: 102
2025-03-15T15:41:44.023606+05:30,Sensor Value: 101
2025-03-15T15:41:46.028142+05:30,Sensor Value: 104
2025-03-15T15:41:48.020866+05:30,Sensor Value: 102
2025-03-15T15:41:50.029010+05:30,Sensor Value: 102
2025-03-15T15:41:52.024133+05:30,Sensor Value: 101
2025-03-15T15:41:54.027546+05:30,Sensor Value: 101
2025-03-15T15:41:56.032266+05:30,Sensor Value: 100
2025-03-15T15:41:58.027157+05:30,Sensor Value: 101
2025-03-15T15:42:00.029666+05:30,Sensor Value: 102
2025-03-15T15:42:02.032485+05:30,Sensor Value: 101
2025-03-15T15:42:04.036859+05:30,Sensor Value: 101
2025-03-15T15:42:06.041626+05:30,Sensor Value: 99
2025-03-15T15:42:08.040360+05:30,Sensor Value: 98
2025-03-15T15:42:10.036843+05:30,Sensor Value: 98
2025-03-15T15:42:12.039022+05:30,Sensor Value: 97
2025-03-15T15:42:14.042669+05:30,Sensor Value: 97
2025-03-15T15:42:16.041591+05:30,Sensor Value: 95
2025-03-15T15:42:18.043339+05:30,Sensor Value: 93
2025-03-15T15:42:20.044421+05:30,Sensor Value: 92
2025-03-15T15:42:22.045511+05:30,Sensor Value: 91
2025-03-15T15:42:24.056590+05:30,Sensor Value: 95
2025-03-15T15:42:26.053338+05:30,Sensor Value: 94
2025-03-15T15:42:28.048391+05:30,Sensor Value: 97
2025-03-15T15:42:30.055102+05:30,Sensor Value: 90
2025-03-15T15:42:32.055178+05:30,Sensor Value: 96
2025-03-15T15:42:34.054998+05:30,Sensor Value: 95
2025-03-15T15:42:36.058160+05:30,Sensor Value: 96
2025-03-15T15:42:38.066199+05:30,Sensor Value: 97
2025-03-15T15:42:40.064063+05:30,Sensor Value: 97
2025-03-15T15:42:42.062375+05:30,Sensor Value: 95
2025-03-15T15:42:44.066381+05:30,Sensor Value: 98
2025-03-15T15:42:46.068056+05:30,Sensor Value: 98
2025-03-15T15:42:48.068631+05:30,Sensor Value: 100
2025-03-15T15:42:50.069669+05:30,Sensor Value: 100
2025-03-15T15:42:52.076356+05:30,Sensor Value: 103
2025-03-15T15:42:54.077306+05:30,Sensor Value: 97
2025-03-15T15:42:56.071067+05:30,Sensor Value: 97
2025-03-15T15:42:58.071809+05:30,Sensor Value: 92
2025-03-15T15:43:00.075028+05:30,Sensor Value: 130
2025-03-15T15:43:02.077803+05:30,Sensor Value: 138
2025-03-15T15:43:04.080922+05:30,Sensor Value: 140
2025-03-15T15:43:06.081550+05:30,Sensor Value: 104
2025-03-15T15:43:08.080629+05:30,Sensor Value: 108
2025-03-15T15:43:10.081162+05:30,Sensor Value: 122
2025-03-15T15:43:12.086938+05:30,Sensor Value: 123
2025-03-15T15:43:14.091791+05:30,Sensor Value: 118
2025-03-15T15:43:16.089053+05:30,Sensor Value: 130
2025-03-15T15:43:18.089420+05:30,Sensor Value: 130
2025-03-15T15:43:20.090653+05:30,Sensor Value: 131
2025-03-15T15:43:22.095048+05:30,Sensor Value: 121
2025-03-15T15:43:24.102235+05:30,Sensor Value: 125
2025-03-15T15:43:26.093418+05:30,Sensor Value: 125
2025-03-15T15:43:28.096717+05:30,Sensor Value: 131
2025-03-15T15:43:30.101558+05:30,Sensor Value: 125
2025-03-15T15:43:32.106418+05:30,Sensor Value: 126
2025-03-15T15:43:34.101223+05:30,Sensor Value: 125
2025-03-15T15:43:36.101481+05:30,Sensor Value: 115
2025-03-15T15:43:38.109536+05:30,Sensor Value: 131
2025-03-15T15:43:40.109788+05:30,Sensor Value: 132
2025-03-15T15:43:42.105683+05:30,Sensor Value: 132
2025-03-15T15:43:44.108209+05:30,Sensor Value: 131
2025-03-15T15:43:46.108527+05:30,Sensor Value: 130
2025-03-15T15:43:48.115353+05:30,Sensor Value: 128
2025-03-15T15:43:50.114770+05:30,Sensor Value: 119
2025-03-15T15:43:52.115123+05:30,Sensor Value: 113
2025-03-15T15:43:54.115488+05:30,Sensor Value: 125
2025-03-15T15:43:56.120525+05:30,Sensor Value: 129
2025-03-15T15:43:58.131754+05:30,Sensor Value: 129
2025-03-15T15:44:00.135543+05:30,Sensor Value: 130
2025-03-15T15:44:02.148481+05:30,Sensor Value: 127
2025-03-15T15:44:04.148068+05:30,Sensor Value: 127
2025-03-15T15:44:06.155812+05:30,Sensor Value: 127
2025-03-15T15:44:08.160203+05:30,Sensor Value: 127
2025-03-15T15:44:10.163143+05:30,Sensor Value: 129
2025-03-15T15:44:12.174458+05:30,Sensor Value: 130
2025-03-15T15:44:14.174298+05:30,Sensor Value: 131
2025-03-15T15:44:16.184379+05:30,Sensor Value: 144
2025-03-15T15:44:18.183623+05:30,Sensor Value: 152
2025-03-15T15:44:20.195059+05:30,Sensor Value: 156
2025-03-15T15:44:22.193324+05:30,Sensor Value: 160
2025-03-15T15:44:24.202527+05:30,Sensor Value: 165
2025-03-15T15:44:26.209626+05:30,Sensor Value: 164
2025-03-15T15:44:28.210067+05:30,Sensor Value: 169
2025-03-15T15:44:30.211272+05:30,Sensor Value: 169
2025-03-15T15:44:32.220740+05:30,Sensor Value: 172
2025-03-15T15:44:34.221192+05:30,Sensor Value: 176
2025-03-15T15:44:36.223063+05:30,Sensor Value: 175
2025-03-15T15:44:38.227855+05:30,Sensor Value: 173
2025-03-15T15:44:40.232191+05:30,Sensor Value: 174
2025-03-15T15:44:42.239419+05:30,Sensor Value: 170
2025-03-15T15:44:44.238621+05:30,Sensor Value: 172
2025-03-15T15:44:46.238008+05:30,Sensor Value: 162
2025-03-15T15:44:48.238823+05:30,Sensor Value: 152
2025-03-15T15:44:50.246417+05:30,Sensor Value: 136
2025-03-15T15:44:52.252377+05:30,Sensor Value: 147
2025-03-15T15:44:54.250384+05:30,Sensor Value: 149
2025-03-15T15:44:56.257487+05:30,Sensor Value: 152
2025-03-15T15:44:58.255971+05:30,Sensor Value: 154
2025-03-15T15:45:00.263389+05:30,Sensor Value: 155
2025-03-15T15:45:02.262223+05:30,Sensor Value: 157
2025-03-15T15:45:04.270693+05:30,Sensor Value: 159
2025-03-15T15:45:06.267091+05:30,Sensor Value: 160
2025-03-15T15:45:08.271243+05:30,Sensor Value: 158
2025-03-15T15:45:10.272963+05:30,Sensor Value: 162
2025-03-15T15:45:12.282643+05:30,Sensor Value: 166
2025-03-15T15:45:14.283033+05:30,Sensor Value: 158
2025-03-15T15:45:16.287607+05:30,Sensor Value: 169
2025-03-15T15:45:18.285038+05:30,Sensor Value: 160
2025-03-15T15:45:20.286764+05:30,Sensor Value: 157
2025-03-15T15:45:22.295657+05:30,Sensor Value: 150
2025-03-15T15:45:24.293580+05:30,Sensor Value: 147
2025-03-15T15:45:26.296992+05:30,Sensor Value: 152
2025-03-15T15:45:28.296894+05:30,Sensor Value: 176
2025-03-15T15:45:30.306339+05:30,Sensor Value: 173
2025-03-15T15:45:32.302209+05:30,Sensor Value: 193
2025-03-15T15:45:34.307310+05:30,Sensor Value: 196
2025-03-15T15:45:36.313082+05:30,Sensor Value: 187
2025-03-15T15:45:38.309820+05:30,Sensor Value: 200
2025-03-15T15:45:40.317443+05:30,Sensor Value: 199
2025-03-15T15:45:42.316600+05:30,Sensor Value: 204
2025-03-15T15:45:44.319339+05:30,Sensor Value: 202
2025-03-15T15:45:46.323371+05:30,Sensor Value: 209
2025-03-15T15:45:48.319373+05:30,Sensor Value: 193
2025-03-15T15:45:50.322441+05:30,Sensor Value: 193
2025-03-15T15:45:52.325630+05:30,Sensor Value: 205
2025-03-15T15:45:54.333622+05:30,Sensor Value: 209
2025-03-15T15:45:56.335914+05:30,Sensor Value: 217
2025-03-15T15:45:58.341860+05:30,Sensor Value: 215
2025-03-15T15:46:00.334756+05:30,Sensor Value: 206
2025-03-15T15:46:02.342156+05:30,Sensor Value: 193
2025-03-15T15:46:04.343738+05:30,Sensor Value: 194
2025-03-15T15:46:06.341337+05:30,Sensor Value: 204
2025-03-15T15:46:08.342632+05:30,Sensor Value: 191
2025-03-15T15:46:10.351162+05:30,Sensor Value: 174
2025-03-15T15:46:12.345663+05:30,Sensor Value: 203
2025-03-15T15:46:14.357244+05:30,Sensor Value: 197
2025-03-15T15:46:16.353193+05:30,Sensor Value: 202
2025-03-15T15:46:18.355178+05:30,Sensor Value: 186
2025-03-15T15:46:20.355158+05:30,Sensor Value: 208
2025-03-15T15:46:22.360700+05:30,Sensor Value: 174
2025-03-15T15:46:24.357583+05:30,Sensor Value: 187
2025-03-15T15:46:26.363434+05:30,Sensor Value: 184
2025-03-15T15:46:28.364265+05:30,Sensor Value: 195
2025-03-15T15:46:30.364041+05:30,Sensor Value: 174
2025-03-15T15:46:32.368696+05:30,Sensor Value: 201
2025-03-15T15:46:34.373373+05:30,Sensor Value: 204
2025-03-15T15:46:36.376648+05:30,Sensor Value: 197
2025-03-15T15:46:38.375251+05:30,Sensor Value: 192
2025-03-15T15:46:40.379986+05:30,Sensor Value: 195
2025-03-15T15:46:42.376336+05:30,Sensor Value: 182
2025-03-15T15:46:44.375617+05:30,Sensor Value: 194
2025-03-15T15:46:46.383922+05:30,Sensor Value: 210
2025-03-15T15:46:48.381044+05:30,Sensor Value: 216
2025-03-15T15:46:50.386013+05:30,Sensor Value: 201
2025-03-15T15:46:52.382899+05:30,Sensor Value: 202
2025-03-15T15:46:54.394542+05:30,Sensor Value: 215
2025-03-15T15:46:56.393155+05:30,Sensor Value: 190
2025-03-15T15:46:58.393903+05:30,Sensor Value: 189
2025-03-15T15:47:00.398178+05:30,Sensor Value: 191
2025-03-15T15:47:02.402401+05:30,Sensor Value: 213
2025-03-15T15:47:04.398843+05:30,Sensor Value: 196
2025-03-15T15:47:06.399296+05:30,Sensor Value: 215
2025-03-15T15:47:08.402826+05:30,Sensor Value: 210
2025-03-15T15:47:10.408031+05:30,Sensor Value: 209
2025-03-15T15:47:12.412848+05:30,Sensor Value: 208
2025-03-15T15:47:14.407334+05:30,Sensor Value: 206
2025-03-15T15:47:16.409967+05:30,Sensor Value: 211
2025-03-15T15:47:18.414688+05:30,Sensor Value: 217
2025-03-15T15:47:20.412635+05:30,Sensor Value: 218
2025-03-15T15:47:22.419966+05:30,Sensor Value: 214
2025-03-15T15:47:24.424421+05:30,Sensor Value: 213
2025-03-15T15:47:26.422699+05:30,Sensor Value: 216
2025-03-15T15:47:28.426307+05:30,Sensor Value: 217
2025-03-15T15:47:30.434597+05:30,Sensor Value: 210
2025-03-15T15:47:32.428981+05:30,Sensor Value: 203
2025-03-15T15:47:34.434235+05:30,Sensor Value: 210
2025-03-15T15:47:36.429786+05:30,Sensor Value: 212
2025-03-15T15:47:38.431975+05:30,Sensor Value: 215
2025-03-15T15:47:40.435002+05:30,Sensor Value: 213
2025-03-15T15:47:42.441972+05:30,Sensor Value: 218
2025-03-15T15:47:44.440916+05:30,Sensor Value: 217
2025-03-15T15:47:46.441898+05:30,Sensor Value: 217
2025-03-15T15:47:48.445230+05:30,Sensor Value: 217
2025-03-15T15:47:50.447194+05:30,Sensor Value: 214
2025-03-15T15:47:52.446926+05:30,Sensor Value: 213
2025-03-15T15:47:54.452564+05:30,Sensor Value: 214
2025-03-15T15:47:56.454353+05:30,Sensor Value: 211
2025-03-15T15:47:58.454379+05:30,Sensor Value: 214
2025-03-15T15:48:00.453993+05:30,Sensor Value: 212
2025-03-15T15:48:02.458277+05:30,Sensor Value: 209
2025-03-15T15:48:04.465026+05:30,Sensor Value: 205
2025-03-15T15:48:06.462653+05:30,Sensor Value: 205
2025-03-15T15:48:08.467201+05:30,Sensor Value: 211
2025-03-15T15:48:10.468835+05:30,Sensor Value: 210
2025-03-15T15:48:12.472264+05:30,Sensor Value: 213
2025-03-15T15:48:14.476032+05:30,Sensor Value: 214
2025-03-15T15:48:16.473996+05:30,Sensor Value: 215
2025-03-15T15:48:18.474072+05:30,Sensor Value: 216
2025-03-15T15:48:20.483987+05:30,Sensor Value: 214
2025-03-15T15:48:22.479606+05:30,Sensor Value: 214
2025-03-15T15:48:24.482481+05:30,Sensor Value: 213
2025-03-15T15:48:26.486061+05:30,Sensor Value: 217
2025-03-15T15:48:28.493151+05:30,Sensor Value: 216
2025-03-15T15:48:30.489282+05:30,Sensor Value: 206
2025-03-15T15:48:32.490936+05:30,Sensor Value: 191
2025-03-15T15:48:34.496473+05:30,Sensor Value: 176
2025-03-15T15:48:36.498723+05:30,Sensor Value: 205
2025-03-15T15:48:38.505119+05:30,Sensor Value: 208
2025-03-15T15:48:40.499591+05:30,Sensor Value: 208
2025-03-15T15:48:42.504797+05:30,Sensor Value: 211
2025-03-15T15:48:44.504801+05:30,Sensor Value: 206
2025-03-15T15:48:46.514279+05:30,Sensor Value: 208
2025-03-15T15:48:48.507927+05:30,Sensor Value: 214
2025-03-15T15:48:50.513572+05:30,Sensor Value: 212
2025-03-15T15:48:52.520043+05:30,Sensor Value: 212
2025-03-15T15:48:54.520198+05:30,Sensor Value: 211
2025-03-15T15:48:56.517414+05:30,Sensor Value: 214
2025-03-15T15:48:58.519349+05:30,Sensor Value: 211
2025-03-15T15:49:00.525492+05:30,Sensor Value: 212
2025-03-15T15:49:02.526401+05:30,Sensor Value: 190
2025-03-15T15:49:04.525000+05:30,Sensor Value: 176
2025-03-15T15:49:06.527825+05:30,Sensor Value: 189
2025-03-15T15:49:08.537306+05:30,Sensor Value: 192
2025-03-15T15:49:10.530877+05:30,Sensor Value: 204
2025-03-15T15:49:12.539237+05:30,Sensor Value: 208
2025-03-15T15:49:14.542513+05:30,Sensor Value: 206
2025-03-15T15:49:16.543269+05:30,Sensor Value: 211
2025-03-15T15:49:18.539834+05:30,Sensor Value: 211
2025-03-15T15:49:20.543176+05:30,Sensor Value: 212
2025-03-15T15:49:22.545525+05:30,Sensor Value: 210
2025-03-15T15:49:24.546381+05:30,Sensor Value: 206
2025-03-15T15:49:26.553922+05:30,Sensor Value: 201
2025-03-15T15:49:28.550831+05:30,Sensor Value: 195
2025-03-15T15:49:30.554300+05:30,Sensor Value: 203
2025-03-15T15:49:32.557816+05:30,Sensor Value: 198
2025-03-15T15:49:34.556167+05:30,Sensor Value: 198
2025-03-15T15:49:36.565753+05:30,Sensor Value: 200
2025-03-15T15:49:38.562056+05:30,Sensor Value: 192
2025-03-15T15:49:40.566074+05:30,Sensor Value: 205
2025-03-15T15:49:42.572439+05:30,Sensor Value: 215
2025-03-15T15:49:44.577753+05:30,Sensor Value: 211
2025-03-15T15:49:46.575255+05:30,Sensor Value: 216
2025-03-15T15:49:48.577395+05:30,Sensor Value: 218
2025-03-15T15:49:50.575058+05:30,Sensor Value: 218
2025-03-15T15:49:52.585389+05:30,Sensor Value: 216
2025-03-15T15:49:54.579503+05:30,Sensor Value: 215
2025-03-15T15:49:56.583624+05:30,Sensor Value: 194
2025-03-15T15:49:58.582815+05:30,Sensor Value: 191
2025-03-15T15:50:00.591664+05:30,Sensor Value: 202
2025-03-15T15:50:02.591379+05:30,Sensor Value: 202
2025-03-15T15:50:04.590794+05:30,Sensor Value: 209
2025-03-15T15:50:06.595621+05:30,Sensor Value: 212
2025-03-15T15:50:08.600603+05:30,Sensor Value: 213
2025-03-15T15:50:10.601061+05:30,Sensor Value: 214
2025-03-15T15:50:12.599627+05:30,Sensor Value: 212
2025-03-15T15:50:14.605415+05:30,Sensor Value: 188
2025-03-15T15:50:16.604515+05:30,Sensor Value: 223
2025-03-15T15:50:18.606081+05:30,Sensor Value: 226
2025-03-15T15:50:20.608151+05:30,Sensor Value: 214
2025-03-15T15:50:22.607262+05:30,Sensor Value: 187
2025-03-15T15:50:24.612252+05:30,Sensor Value: 210
2025-03-15T15:50:26.619551+05:30,Sensor Value: 203
2025-03-15T15:50:28.615473+05:30,Sensor Value: 189
2025-03-15T15:50:30.616187+05:30,Sensor Value: 191
2025-03-15T15:50:32.622503+05:30,Sensor Value: 188
2025-03-15T15:50:34.628184+05:30,Sensor Value: 172
2025-03-15T15:50:36.621874+05:30,Sensor Value: 202
2025-03-15T15:50:38.623284+05:30,Sensor Value: 210
2025-03-15T15:50:40.630978+05:30,Sensor Value: 207
2025-03-15T15:50:42.634397+05:30,Sensor Value: 189
2025-03-15T15:50:44.629066+05:30,Sensor Value: 174
2025-03-15T15:50:46.631585+05:30,Sensor Value: 191
2025-03-15T15:50:48.632165+05:30,Sensor Value: 173
2025-03-15T15:50:50.636910+05:30,Sensor Value: 174
2025-03-15T15:50:52.642397+05:30,Sensor Value: 164
2025-03-15T15:50:54.641168+05:30,Sensor Value: 153
2025-03-15T15:50:56.641579+05:30,Sensor Value: 195
2025-03-15T15:50:58.644965+05:30,Sensor Value: 202
2025-03-15T15:51:00.644971+05:30,Sensor Value: 187
2025-03-15T15:51:02.650855+05:30,Sensor Value: 185
2025-03-15T15:51:04.652563+05:30,Sensor Value: 174
2025-03-15T15:51:06.650809+05:30,Sensor Value: 182
2025-03-15T15:51:08.653143+05:30,Sensor Value: 158
2025-03-15T15:51:10.656127+05:30,Sensor Value: 155
2025-03-15T15:51:12.655097+05:30,Sensor Value: 157
2025-03-15T15:51:14.660746+05:30,Sensor Value: 233
2025-03-15T15:51:16.662371+05:30,Sensor Value: 251
2025-03-15T15:51:18.661150+05:30,Sensor Value: 245
2025-03-15T15:51:20.663706+05:30,Sensor Value: 268
2025-03-15T15:51:22.672905+05:30,Sensor Value: 195
2025-03-15T15:51:24.669292+05:30,Sensor Value: 200
2025-03-15T15:51:26.668815+05:30,Sensor Value: 186
2025-03-15T15:51:28.676373+05:30,Sensor Value: 219
2025-03-15T15:51:30.672539+05:30,Sensor Value: 225
2025-03-15T15:51:32.673668+05:30,Sensor Value: 189
2025-03-15T15:51:34.680113+05:30,Sensor Value: 220
2025-03-15T15:51:36.676986+05:30,Sensor Value: 183
2025-03-15T15:51:38.683628+05:30,Sensor Value: 252
2025-03-15T15:51:40.683952+05:30,Sensor Value: 266
2025-03-15T15:51:42.685121+05:30,Sensor Value: 264
2025-03-15T15:51:44.690586+05:30,Sensor Value: 199
2025-03-15T15:51:46.693084+05:30,Sensor Value: 200
2025-03-15T15:51:48.689071+05:30,Sensor Value: 188
2025-03-15T15:51:50.697092+05:30,Sensor Value: 264
2025-03-15T15:51:52.698959+05:30,Sensor Value: 264
2025-03-15T15:51:54.694269+05:30,Sensor Value: 244
2025-03-15T15:51:56.701820+05:30,Sensor Value: 214
2025-03-15T15:51:58.701363+05:30,Sensor Value: 197
2025-03-15T15:52:00.702858+05:30,Sensor Value: 186
2025-03-15T15:52:02.701767+05:30,Sensor Value: 182
2025-03-15T15:52:04.712935+05:30,Sensor Value: 178
2025-03-15T15:52:06.709030+05:30,Sensor Value: 172
2025-03-15T15:52:08.708804+05:30,Sensor Value: 190
2025-03-15T15:52:10.714929+05:30,Sensor Value: 168
2025-03-15T15:52:12.714393+05:30,Sensor Value: 174
2025-03-15T15:52:14.720102+05:30,Sensor Value: 189
2025-03-15T15:52:16.716620+05:30,Sensor Value: 191
2025-03-15T15:52:18.719816+05:30,Sensor Value: 189
2025-03-15T15:52:20.724749+05:30,Sensor Value: 189
2025-03-15T15:52:22.729972+05:30,Sensor Value: 185
2025-03-15T15:52:24.727058+05:30,Sensor Value: 190
2025-03-15T15:52:26.726534+05:30,Sensor Value: 189
2025-03-15T15:52:28.734988+05:30,Sensor Value: 167
2025-03-15T15:52:30.735628+05:30,Sensor Value: 197
2025-03-15T15:52:32.737708+05:30,Sensor Value: 174
2025-03-15T15:52:34.739039+05:30,Sensor Value: 181
2025-03-15T15:52:36.744579+05:30,Sensor Value: 177
2025-03-15T15:52:38.740366+05:30,Sensor Value: 183
2025-03-15T15:52:40.747283+05:30,Sensor Value: 224
2025-03-15T15:52:42.748918+05:30,Sensor Value: 233
2025-03-15T15:52:44.754004+05:30,Sensor Value: 230
2025-03-15T15:52:46.746454+05:30,Sensor Value: 226
2025-03-15T15:52:48.745973+05:30,Sensor Value: 222
2025-03-15T15:52:50.757195+05:30,Sensor Value: 220
2025-03-15T15:52:52.753717+05:30,Sensor Value: 216
2025-03-15T15:52:54.755091+05:30,Sensor Value: 217
2025-03-15T15:52:56.757956+05:30,Sensor Value: 216
2025-03-15T15:52:58.764358+05:30,Sensor Value: 216
2025-03-15T15:53:00.768536+05:30,Sensor Value: 215
2025-03-15T15:53:02.766438+05:30,Sensor Value: 216
2025-03-15T15:53:04.765851+05:30,Sensor Value: 215
2025-03-15T15:53:06.772941+05:30,Sensor Value: 212
2025-03-15T15:53:08.773037+05:30,Sensor Value: 209
2025-03-15T15:53:10.772573+05:30,Sensor Value: 211
2025-03-15T15:53:12.776379+05:30,Sensor Value: 210
2025-03-15T15:53:14.777177+05:30,Sensor Value: 208
2025-03-15T15:53:16.780706+05:30,Sensor Value: 209
2025-03-15T15:53:18.783366+05:30,Sensor Value: 209
2025-03-15T15:53:20.785001+05:30,Sensor Value: 210
2025-03-15T15:53:22.787672+05:30,Sensor Value: 202
2025-03-15T15:53:24.793269+05:30,Sensor Value: 201
2025-03-15T15:53:26.792039+05:30,Sensor Value: 206
2025-03-15T15:53:28.788000+05:30,Sensor Value: 208
2025-03-15T15:53:30.796262+05:30,Sensor Value: 208
2025-03-15T15:53:32.796531+05:30,Sensor Value: 205
2025-03-15T15:53:34.796366+05:30,Sensor Value: 207
2025-03-15T15:53:36.799832+05:30,Sensor Value: 207
2025-03-15T15:53:38.803453+05:30,Sensor Value: 207
2025-03-15T15:53:40.800596+05:30,Sensor Value: 199
2025-03-15T15:53:42.802787+05:30,Sensor Value: 222
2025-03-15T15:53:44.807169+05:30,Sensor Value: 201
2025-03-15T15:53:46.805830+05:30,Sensor Value: 216
2025-03-15T15:53:48.812255+05:30,Sensor Value: 227
2025-03-15T15:53:50.810655+05:30,Sensor Value: 210
2025-03-15T15:53:52.815780+05:30,Sensor Value: 204
2025-03-15T15:53:54.820457+05:30,Sensor Value: 205
2025-03-15T15:53:56.822133+05:30,Sensor Value: 199
2025-03-15T15:53:58.818753+05:30,Sensor Value: 197
2025-03-15T15:54:00.826370+05:30,Sensor Value: 197
2025-03-15T15:54:02.826356+05:30,Sensor Value: 202
2025-03-15T15:54:04.826965+05:30,Sensor Value: 200
2025-03-15T15:54:06.829273+05:30,Sensor Value: 190
2025-03-15T15:54:08.835636+05:30,Sensor Value: 205
2025-03-15T15:54:10.833131+05:30,Sensor Value: 192
2025-03-15T15:54:12.832892+05:30,Sensor Value: 197
2025-03-15T15:54:14.834974+05:30,Sensor Value: 210
2025-03-15T15:54:16.839672+05:30,Sensor Value: 207
2025-03-15T15:54:18.843218+05:30,Sensor Value: 209
2025-03-15T15:54:20.842087+05:30,Sensor Value: 210
2025-03-15T15:54:22.844382+05:30,Sensor Value: 209
2025-03-15T15:54:24.847515+05:30,Sensor Value: 211
2025-03-15T15:54:26.845746+05:30,Sensor Value: 210
2025-03-15T15:54:28.854216+05:30,Sensor Value: 206
2025-03-15T15:54:30.853655+05:30,Sensor Value: 208
2025-03-15T15:54:32.858233+05:30,Sensor Value: 204
2025-03-15T15:54:34.862383+05:30,Sensor Value: 193
2025-03-15T15:54:36.856742+05:30,Sensor Value: 195
2025-03-15T15:54:38.859771+05:30,Sensor Value: 202
2025-03-15T15:54:40.866050+05:30,Sensor Value: 205
2025-03-15T15:54:42.869013+05:30,Sensor Value: 199
2025-03-15T15:54:44.866406+05:30,Sensor Value: 207
2025-03-15T15:54:46.869998+05:30,Sensor Value: 204
2025-03-15T15:54:48.871523+05:30,Sensor Value: 205
2025-03-15T15:54:50.879033+05:30,Sensor Value: 202
2025-03-15T15:54:52.876499+05:30,Sensor Value: 205
2025-03-15T15:54:54.876876+05:30,Sensor Value: 204
2025-03-15T15:54:56.883262+05:30,Sensor Value: 204
2025-03-15T15:54:58.887903+05:30,Sensor Value: 203
2025-03-15T15:55:00.885812+05:30,Sensor Value: 200
2025-03-15T15:55:02.884177+05:30,Sensor Value: 202
2025-03-15T15:55:04.883927+05:30,Sensor Value: 201
2025-03-15T15:55:06.895171+05:30,Sensor Value: 203
2025-03-15T15:55:08.892465+05:30,Sensor Value: 201
2025-03-15T15:55:10.892804+05:30,Sensor Value: 185
2025-03-15T15:55:12.897119+05:30,Sensor Value: 204
2025-03-15T15:55:14.897044+05:30,Sensor Value: 196
2025-03-15T15:55:16.903287+05:30,Sensor Value: 205
2025-03-15T15:55:18.901343+05:30,Sensor Value: 195
2025-03-15T15:55:20.903230+05:30,Sensor Value: 197
2025-03-15T15:55:22.906377+05:30,Sensor Value: 198
2025-03-15T15:55:24.912122+05:30,Sensor Value: 197
2025-03-15T15:55:26.910175+05:30,Sensor Value: 196
2025-03-15T15:55:28.914491+05:30,Sensor Value: 185
2025-03-15T15:55:30.921482+05:30,Sensor Value: 199
2025-03-15T15:55:32.914462+05:30,Sensor Value: 200
2025-03-15T15:55:34.918470+05:30,Sensor Value: 207
2025-03-15T15:55:36.918974+05:30,Sensor Value: 212
2025-03-15T15:55:38.927452+05:30,Sensor Value: 216
2025-03-15T15:55:40.928007+05:30,Sensor Value: 213
2025-03-15T15:55:42.923937+05:30,Sensor Value: 228
2025-03-15T15:55:44.929528+05:30,Sensor Value: 208
2025-03-15T15:55:46.929527+05:30,Sensor Value: 210
2025-03-15T15:55:48.931533+05:30,Sensor Value: 207
2025-03-15T15:55:50.930243+05:30,Sensor Value: 209
2025-03-15T15:55:52.935548+05:30,Sensor Value: 206
2025-03-15T15:55:54.940869+05:30,Sensor Value: 200
2025-03-15T15:55:56.939335+05:30,Sensor Value: 199
2025-03-15T15:55:58.946981+05:30,Sensor Value: 204
2025-03-15T15:56:00.950268+05:30,Sensor Value: 204
2025-03-15T15:56:02.945052+05:30,Sensor Value: 203
2025-03-15T15:56:04.947455+05:30,Sensor Value: 200
2025-03-15T15:56:06.953586+05:30,Sensor Value: 191
2025-03-15T15:56:08.960063+05:30,Sensor Value: 200
2025-03-15T15:56:10.959344+05:30,Sensor Value: 199
2025-03-15T15:56:12.960665+05:30,Sensor Value: 202
2025-03-15T15:56:14.963883+05:30,Sensor Value: 192
2025-03-15T15:56:16.962253+05:30,Sensor Value: 195
2025-03-15T15:56:18.969828+05:30,Sensor Value: 195
2025-03-15T15:56:20.964096+05:30,Sensor Value: 192
2025-03-15T15:56:22.970006+05:30,Sensor Value: 195
2025-03-15T15:56:24.971136+05:30,Sensor Value: 197
2025-03-15T15:56:26.973795+05:30,Sensor Value: 196
2025-03-15T15:56:28.972687+05:30,Sensor Value: 199
2025-03-15T15:56:30.976567+05:30,Sensor Value: 193
2025-03-15T15:56:32.983710+05:30,Sensor Value: 213
2025-03-15T15:56:34.980507+05:30,Sensor Value: 213
2025-03-15T15:56:36.985687+05:30,Sensor Value: 198
2025-03-15T15:56:38.987170+05:30,Sensor Value: 202
2025-03-15T15:56:40.985689+05:30,Sensor Value: 204
2025-03-15T15:56:42.999008+05:30,Sensor Value: 199
2025-03-15T15:56:44.989061+05:30,Sensor Value: 196
2025-03-15T15:56:46.988976+05:30,Sensor Value: 203
2025-03-15T15:56:49.000187+05:30,Sensor Value: 210
2025-03-15T15:56:51.002046+05:30,Sensor Value: 193
2025-03-15T15:56:52.998152+05:30,Sensor Value: 193
2025-03-15T15:56:55.001966+05:30,Sensor Value: 195
2025-03-15T15:56:57.005322+05:30,Sensor Value: 194
2025-03-15T15:56:59.009134+05:30,Sensor Value: 202
2025-03-15T15:57:01.005806+05:30,Sensor Value: 189
2025-03-15T15:57:03.008596+05:30,Sensor Value: 200
2025-03-15T15:57:05.009608+05:30,Sensor Value: 194
2025-03-15T15:57:07.011784+05:30,Sensor Value: 193
2025-03-15T15:57:09.014065+05:30,Sensor Value: 216
2025-03-15T15:57:11.019650+05:30,Sensor Value: 188
2025-03-15T15:57:13.019752+05:30,Sensor Value: 204
2025-03-15T15:57:15.027174+05:30,Sensor Value: 183
2025-03-15T15:57:17.022844+05:30,Sensor Value: 188
2025-03-15T15:57:19.025272+05:30,Sensor Value: 176
2025-03-15T15:57:21.029757+05:30,Sensor Value: 209
2025-03-15T15:57:23.031556+05:30,Sensor Value: 192
2025-03-15T15:57:25.030977+05:30,Sensor Value: 198
2025-03-15T15:57:27.040185+05:30,Sensor Value: 204
2025-03-15T15:57:29.041695+05:30,Sensor Value: 198
2025-03-15T15:57:31.044434+05:30,Sensor Value: 194
2025-03-15T15:57:33.039244+05:30,Sensor Value: 192
2025-03-15T15:57:35.047134+05:30,Sensor Value: 189
2025-03-15T15:57:37.044972+05:30,Sensor Value: 187
2025-03-15T15:57:39.050386+05:30,Sensor Value: 189
2025-03-15T15:57:41.054060+05:30,Sensor Value: 189
2025-03-15T15:57:43.055346+05:30,Sensor Value: 183
2025-03-15T15:57:45.054640+05:30,Sensor Value: 183
2025-03-15T15:57:47.055119+05:30,Sensor Value: 193
2025-03-15T15:57:49.059710+05:30,Sensor Value: 190
2025-03-15T15:57:51.058792+05:30,Sensor Value: 197
2025-03-15T15:57:53.061613+05:30,Sensor Value: 186
2025-03-15T15:57:55.068576+05:30,Sensor Value: 194
2025-03-15T15:57:57.064367+05:30,Sensor Value: 191
2025-03-15T15:57:59.073341+05:30,Sensor Value: 187
2025-03-15T15:58:01.073024+05:30,Sensor Value: 191
2025-03-15T15:58:03.073730+05:30,Sensor Value: 191
2025-03-15T15:58:05.081633+05:30,Sensor Value: 191
2025-03-15T15:58:07.077077+05:30,Sensor Value: 193
2025-03-15T15:58:09.084716+05:30,Sensor Value: 191
2025-03-15T15:58:11.078137+05:30,Sensor Value: 192
2025-03-15T15:58:13.087131+05:30,Sensor Value: 190
2025-03-15T15:58:15.084259+05:30,Sensor Value: 187
2025-03-15T15:58:17.084812+05:30,Sensor Value: 185
2025-03-15T15:58:19.093916+05:30,Sensor Value: 189
2025-03-15T15:58:21.099647+05:30,Sensor Value: 185
2025-03-15T15:58:23.092369+05:30,Sensor Value: 192
2025-03-15T15:58:25.098062+05:30,Sensor Value: 196
2025-03-15T15:58:27.100674+05:30,Sensor Value: 195
2025-03-15T15:58:29.102437+05:30,Sensor Value: 193
2025-03-15T15:58:31.100912+05:30,Sensor Value: 193
2025-03-15T15:58:33.102143+05:30,Sensor Value: 183
2025-03-15T15:58:35.106692+05:30,Sensor Value: 187
2025-03-15T15:58:37.111314+05:30,Sensor Value: 185
2025-03-15T15:58:39.113557+05:30,Sensor Value: 184
2025-03-15T15:58:41.112020+05:30,Sensor Value: 176
2025-03-15T15:58:43.120075+05:30,Sensor Value: 184
2025-03-15T15:58:45.124409+05:30,Sensor Value: 189
2025-03-15T15:58:47.117885+05:30,Sensor Value: 188
2025-03-15T15:58:49.120513+05:30,Sensor Value: 187
2025-03-15T15:58:51.120910+05:30,Sensor Value: 192
2025-03-15T15:58:53.127932+05:30,Sensor Value: 192
2025-03-15T15:58:55.124927+05:30,Sensor Value: 182
2025-03-15T15:58:57.124949+05:30,Sensor Value: 184
2025-03-15T15:58:59.128625+05:30,Sensor Value: 183
2025-03-15T15:59:01.128850+05:30,Sensor Value: 183
2025-03-15T15:59:03.134866+05:30,Sensor Value: 185
2025-03-15T15:59:05.127457+05:30,Sensor Value: 182
2025-03-15T15:59:07.130295+05:30,Sensor Value: 184
2025-03-15T15:59:09.131128+05:30,Sensor Value: 182
2025-03-15T15:59:11.137837+05:30,Sensor Value: 180
2025-03-15T15:59:13.135560+05:30,Sensor Value: 195
2025-03-15T15:59:15.133657+05:30,Sensor Value: 196
2025-03-15T15:59:17.139358+05:30,Sensor Value: 185
2025-03-15T15:59:19.134552+05:30,Sensor Value: 191
2025-03-15T15:59:21.133238+05:30,Sensor Value: 192
2025-03-15T15:59:23.141332+05:30,Sensor Value: 199
2025-03-15T15:59:25.138250+05:30,Sensor Value: 185
2025-03-15T15:59:27.137375+05:30,Sensor Value: 190
2025-03-15T15:59:29.136841+05:30,Sensor Value: 184
2025-03-15T15:59:31.141401+05:30,Sensor Value: 192
2025-03-15T15:59:33.136940+05:30,Sensor Value: 185
2025-03-15T15:59:35.141236+05:30,Sensor Value: 192
2025-03-15T15:59:37.141468+05:30,Sensor Value: 190
2025-03-15T15:59:39.142931+05:30,Sensor Value: 173
2025-03-15T15:59:41.146287+05:30,Sensor Value: 180
2025-03-15T15:59:43.147318+05:30,Sensor Value: 189
2025-03-15T15:59:45.144999+05:30,Sensor Value: 187
2025-03-15T15:59:47.152183+05:30,Sensor Value: 187
2025-03-15T15:59:49.151776+05:30,Sensor Value: 187
2025-03-15T15:59:51.153359+05:30,Sensor Value: 186
2025-03-15T15:59:53.155678+05:30,Sensor Value: 186
2025-03-15T15:59:55.150799+05:30,Sensor Value: 186
2025-03-15T15:59:57.157243+05:30,Sensor Value: 185
2025-03-15T15:59:59.154611+05:30,Sensor Value: 184
2025-03-15T16:00:01.156329+05:30,Sensor Value: 185
2025-03-15T16:00:03.155159+05:30,Sensor Value: 185
2025-03-15T16:00:05.154586+05:30,Sensor Value: 182
2025-03-15T16:00:07.156647+05:30,Sensor Value: 182
2025-03-15T16:00:09.166874+05:30,Sensor Value: 182
2025-03-15T16:00:11.162237+05:30,Sensor Value: 182
2025-03-15T16:00:13.163085+05:30,Sensor Value: 166
2025-03-15T16:00:15.161954+05:30,Sensor Value: 177
2025-03-15T16:00:17.165099+05:30,Sensor Value: 175
2025-03-15T16:00:19.168239+05:30,Sensor Value: 183
2025-03-15T16:00:21.168343+05:30,Sensor Value: 167
2025-03-15T16:00:23.167680+05:30,Sensor Value: 182
2025-03-15T16:00:25.168349+05:30,Sensor Value: 185
2025-03-15T16:00:27.169600+05:30,Sensor Value: 178
2025-03-15T16:00:29.171430+05:30,Sensor Value: 185
2025-03-15T16:00:31.177318+05:30,Sensor Value: 184
2025-03-15T16:00:33.174685+05:30,Sensor Value: 182
2025-03-15T16:00:35.174354+05:30,Sensor Value: 182
2025-03-15T16:00:37.181475+05:30,Sensor Value: 181
2025-03-15T16:00:39.178069+05:30,Sensor Value: 182
2025-03-15T16:00:41.183069+05:30,Sensor Value: 182
2025-03-15T16:00:43.182662+05:30,Sensor Value: 180
2025-03-15T16:00:45.182479+05:30,Sensor Value: 182
2025-03-15T16:00:47.189486+05:30,Sensor Value: 182
2025-03-15T16:00:49.183374+05:30,Sensor Value: 180
2025-03-15T16:00:51.194861+05:30,Sensor Value: 180
2025-03-15T16:00:53.187228+05:30,Sensor Value: 178
2025-03-15T16:00:55.186158+05:30,Sensor Value: 179
2025-03-15T16:00:57.190740+05:30,Sensor Value: 178
2025-03-15T16:00:59.197076+05:30,Sensor Value: 174
2025-03-15T16:01:01.192877+05:30,Sensor Value: 176
2025-03-15T16:01:03.192453+05:30,Sensor Value: 176
2025-03-15T16:01:05.199559+05:30,Sensor Value: 176
2025-03-15T16:01:07.200969+05:30,Sensor Value: 177
2025-03-15T16:01:09.199110+05:30,Sensor Value: 177
2025-03-15T16:01:11.206759+05:30,Sensor Value: 177
2025-03-15T16:01:13.208524+05:30,Sensor Value: 179
2025-03-15T16:01:15.207700+05:30,Sensor Value: 179
2025-03-15T16:01:17.205215+05:30,Sensor Value: 177
2025-03-15T16:01:19.206908+05:30,Sensor Value: 177
2025-03-15T16:01:21.207235+05:30,Sensor Value: 177
2025-03-15T16:01:23.210252+05:30,Sensor Value: 175
2025-03-15T16:01:25.215787+05:30,Sensor Value: 175
2025-03-15T16:01:27.219038+05:30,Sensor Value: 174
2025-03-15T16:01:29.215498+05:30,Sensor Value: 175
2025-03-15T16:01:31.217040+05:30,Sensor Value: 174
2025-03-15T16:01:33.216605+05:30,Sensor Value: 174
2025-03-15T16:01:35.218781+05:30,Sensor Value: 175
2025-03-15T16:01:37.221278+05:30,Sensor Value: 173
2025-03-15T16:01:39.224738+05:30,Sensor Value: 175
2025-03-15T16:01:41.222689+05:30,Sensor Value: 174
2025-03-15T16:01:43.225115+05:30,Sensor Value: 175
2025-03-15T16:01:45.230647+05:30,Sensor Value: 173
2025-03-15T16:01:47.231946+05:30,Sensor Value: 173
2025-03-15T16:01:49.229102+05:30,Sensor Value: 172
2025-03-15T16:01:51.232296+05:30,Sensor Value: 173
2025-03-15T16:01:53.239299+05:30,Sensor Value: 173
2025-03-15T16:01:55.239885+05:30,Sensor Value: 172
2025-03-15T16:01:57.239243+05:30,Sensor Value: 172
2025-03-15T16:01:59.245553+05:30,Sensor Value: 172
2025-03-15T16:02:01.240990+05:30,Sensor Value: 173
2025-03-15T16:02:03.241249+05:30,Sensor Value: 173
2025-03-15T16:02:05.249411+05:30,Sensor Value: 174
2025-03-15T16:02:07.244133+05:30,Sensor Value: 173
2025-03-15T16:02:09.250951+05:30,Sensor Value: 173
2025-03-15T16:02:11.253483+05:30,Sensor Value: 173
2025-03-15T16:02:13.250055+05:30,Sensor Value: 172
2025-03-15T16:02:15.250729+05:30,Sensor Value: 171
2025-03-15T16:02:17.251108+05:30,Sensor Value: 170
2025-03-15T16:02:19.256341+05:30,Sensor Value: 171
2025-03-15T16:02:21.255150+05:30,Sensor Value: 171
2025-03-15T16:02:23.260517+05:30,Sensor Value: 171
2025-03-15T16:02:25.258837+05:30,Sensor Value: 171
2025-03-15T16:02:27.265713+05:30,Sensor Value: 171
2025-03-15T16:02:29.265528+05:30,Sensor Value: 171
2025-03-15T16:02:31.270028+05:30,Sensor Value: 171
2025-03-15T16:02:33.269404+05:30,Sensor Value: 171
2025-03-15T16:02:35.272184+05:30,Sensor Value: 172
2025-03-15T16:02:37.269246+05:30,Sensor Value: 171
2025-03-15T16:02:39.275592+05:30,Sensor Value: 170
2025-03-15T16:02:41.275936+05:30,Sensor Value: 170
2025-03-15T16:02:43.273774+05:30,Sensor Value: 168
2025-03-15T16:02:45.281677+05:30,Sensor Value: 167
2025-03-15T16:02:47.277596+05:30,Sensor Value: 169
2025-03-15T16:02:49.283822+05:30,Sensor Value: 168
2025-03-15T16:02:51.279920+05:30,Sensor Value: 169
2025-03-15T16:02:53.288137+05:30,Sensor Value: 169
2025-03-15T16:02:55.284197+05:30,Sensor Value: 169
2025-03-15T16:02:57.283330+05:30,Sensor Value: 170
2025-03-15T16:02:59.291065+05:30,Sensor Value: 170
2025-03-15T16:03:01.292379+05:30,Sensor Value: 170
2025-03-15T16:03:03.296137+05:30,Sensor Value: 169
2025-03-15T16:03:05.299828+05:30,Sensor Value: 168
2025-03-15T16:03:07.299934+05:30,Sensor Value: 168
2025-03-15T16:03:09.304087+05:30,Sensor Value: 167
2025-03-15T16:03:11.303076+05:30,Sensor Value: 166
2025-03-15T16:03:13.306470+05:30,Sensor Value: 166
2025-03-15T16:03:15.308457+05:30,Sensor Value: 166
2025-03-15T16:03:17.309498+05:30,Sensor Value: 167
2025-03-15T16:03:19.305082+05:30,Sensor Value: 167
2025-03-15T16:03:21.314030+05:30,Sensor Value: 168
2025-03-15T16:03:23.309070+05:30,Sensor Value: 169
2025-03-15T16:03:25.310405+05:30,Sensor Value: 169
2025-03-15T16:03:27.312093+05:30,Sensor Value: 169
2025-03-15T16:03:29.320962+05:30,Sensor Value: 168
2025-03-15T16:03:31.323488+05:30,Sensor Value: 163
2025-03-15T16:03:33.323941+05:30,Sensor Value: 162
2025-03-15T16:03:35.322353+05:30,Sensor Value: 163
2025-03-15T16:03:37.318303+05:30,Sensor Value: 163
2025-03-15T16:03:39.327568+05:30,Sensor Value: 164
2025-03-15T16:03:41.326739+05:30,Sensor Value: 165
2025-03-15T16:03:43.331147+05:30,Sensor Value: 165
2025-03-15T16:03:45.328140+05:30,Sensor Value: 165
2025-03-15T16:03:47.333389+05:30,Sensor Value: 165
2025-03-15T16:03:49.338671+05:30,Sensor Value: 165
2025-03-15T16:03:51.335587+05:30,Sensor Value: 164
2025-03-15T16:03:53.334591+05:30,Sensor Value: 164
2025-03-15T16:03:55.338517+05:30,Sensor Value: 163
2025-03-15T16:03:57.343286+05:30,Sensor Value: 161
2025-03-15T16:03:59.344194+05:30,Sensor Value: 161
2025-03-15T16:04:01.340937+05:30,Sensor Value: 162
2025-03-15T16:04:03.343393+05:30,Sensor Value: 163
2025-03-15T16:04:05.353164+05:30,Sensor Value: 164
2025-03-15T16:04:07.351067+05:30,Sensor Value: 165
2025-03-15T16:04:09.350558+05:30,Sensor Value: 165
2025-03-15T16:04:11.355426+05:30,Sensor Value: 164
2025-03-15T16:04:13.354579+05:30,Sensor Value: 163
2025-03-15T16:04:15.355253+05:30,Sensor Value: 163
2025-03-15T16:04:17.359277+05:30,Sensor Value: 162
2025-03-15T16:04:19.366708+05:30,Sensor Value: 162
2025-03-15T16:04:21.369536+05:30,Sensor Value: 162
2025-03-15T16:04:23.362158+05:30,Sensor Value: 162
2025-03-15T16:04:25.372254+05:30,Sensor Value: 163
2025-03-15T16:04:27.369266+05:30,Sensor Value: 165
2025-03-15T16:04:29.367837+05:30,Sensor Value: 166
2025-03-15T16:04:31.370210+05:30,Sensor Value: 166
2025-03-15T16:04:33.375297+05:30,Sensor Value: 164
2025-03-15T16:04:35.374789+05:30,Sensor Value: 164
2025-03-15T16:04:37.374187+05:30,Sensor Value: 162
2025-03-15T16:04:39.380259+05:30,Sensor Value: 169
2025-03-15T16:04:41.380606+05:30,Sensor Value: 1023
2025-03-15T16:04:43.386008+05:30,Sensor Value: 1023
2025-03-15T16:04:45.381608+05:30,Sensor Value: 1023
2025-03-15T16:04:47.385396+05:30,Sensor Value: 1023
2025-03-15T16:04:49.387628+05:30,Sensor Value: 1023
2025-03-15T16:04:51.388295+05:30,Sensor Value: 1023
2025-03-15T16:04:53.390781+05:30,Sensor Value: 1023
2025-03-15T16:04:55.392940+05:30,Sensor Value: 1023
2025-03-15T16:04:57.396582+05:30,Sensor Value: 1023
2025-03-15T16:04:59.393575+05:30,Sensor Value: 1023
2025-03-15T16:05:01.396169+05:30,Sensor Value: 941
2025-03-15T16:05:03.404810+05:30,Sensor Value: 806
2025-03-15T16:05:05.405213+05:30,Sensor Value: 658
2025-03-15T16:05:07.410099+05:30,Sensor Value: 550
2025-03-15T16:05:09.404230+05:30,Sensor Value: 461
2025-03-15T16:05:11.402547+05:30,Sensor Value: 393
2025-03-15T16:05:13.413938+05:30,Sensor Value: 352
2025-03-15T16:05:15.409747+05:30,Sensor Value: 324
2025-03-15T16:05:17.410763+05:30,Sensor Value: 310
2025-03-15T16:05:19.418984+05:30,Sensor Value: 300
2025-03-15T16:05:21.421467+05:30,Sensor Value: 294
2025-03-15T16:05:23.415663+05:30,Sensor Value: 290
2025-03-15T16:05:25.423957+05:30,Sensor Value: 292
2025-03-15T16:05:27.423725+05:30,Sensor Value: 290
2025-03-15T16:05:29.424067+05:30,Sensor Value: 290
2025-03-15T16:05:31.423007+05:30,Sensor Value: 290
2025-03-15T16:05:33.428461+05:30,Sensor Value: 291
2025-03-15T16:05:35.432710+05:30,Sensor Value: 290
2025-03-15T16:05:37.429085+05:30,Sensor Value: 291
2025-03-15T16:05:39.430434+05:30,Sensor Value: 290
2025-03-15T16:05:41.429773+05:30,Sensor Value: 290
2025-03-15T16:05:43.436839+05:30,Sensor Value: 290
2025-03-15T16:05:45.439867+05:30,Sensor Value: 290
2025-03-15T16:05:47.442367+05:30,Sensor Value: 290
2025-03-15T16:05:49.442007+05:30,Sensor Value: 290
2025-03-15T16:05:51.439887+05:30,Sensor Value: 291
2025-03-15T16:05:53.452329+05:30,Sensor Value: 291
2025-03-15T16:05:55.450907+05:30,Sensor Value: 291
2025-03-15T16:05:57.449482+05:30,Sensor Value: 290
2025-03-15T16:05:59.453469+05:30,Sensor Value: 291
2025-03-15T16:06:01.461662+05:30,Sensor Value: 291
2025-03-15T16:06:03.457646+05:30,Sensor Value: 290
2025-03-15T16:06:05.461733+05:30,Sensor Value: 291
2025-03-15T16:06:07.464079+05:30,Sensor Value: 291
2025-03-15T16:06:09.457684+05:30,Sensor Value: 291
2025-03-15T16:06:11.462517+05:30,Sensor Value: 290
2025-03-15T16:06:13.462241+05:30,Sensor Value: 291
2025-03-15T16:06:15.463873+05:30,Sensor Value: 291
2025-03-15T16:06:17.465102+05:30,Sensor Value: 290
2025-03-15T16:06:19.473588+05:30,Sensor Value: 290
2025-03-15T16:06:21.470120+05:30,Sensor Value: 290
2025-03-15T16:06:23.473617+05:30,Sensor Value: 291
2025-03-15T16:06:25.476381+05:30,Sensor Value: 289
2025-03-15T16:06:27.475222+05:30,Sensor Value: 290
2025-03-15T16:06:29.482845+05:30,Sensor Value: 290
2025-03-15T16:06:31.483937+05:30,Sensor Value: 291
2025-03-15T16:06:33.482587+05:30,Sensor Value: 291
2025-03-15T16:06:35.486228+05:30,Sensor Value: 291
2025-03-15T16:06:37.490137+05:30,Sensor Value: 291
2025-03-15T16:06:39.490614+05:30,Sensor Value: 290
2025-03-15T16:06:41.487575+05:30,Sensor Value: 291
2025-03-15T16:06:43.487837+05:30,Sensor Value: 291
2025-03-15T16:06:45.490447+05:30,Sensor Value: 291
2025-03-15T16:06:47.494092+05:30,Sensor Value: 290
2025-03-15T16:06:49.500666+05:30,Sensor Value: 291
2025-03-15T16:06:51.503687+05:30,Sensor Value: 291
2025-03-15T16:06:53.502226+05:30,Sensor Value: 291
2025-03-15T16:06:55.507683+05:30,Sensor Value: 291
2025-03-15T16:06:57.504083+05:30,Sensor Value: 291
2025-03-15T16:06:59.502112+05:30,Sensor Value: 291
2025-03-15T16:07:01.508106+05:30,Sensor Value: 291
2025-03-15T16:07:03.511537+05:30,Sensor Value: 290
2025-03-15T16:07:05.516003+05:30,Sensor Value: 291
2025-03-15T16:07:07.516291+05:30,Sensor Value: 197
2025-03-15T16:07:09.512983+05:30,Sensor Value: 209
2025-03-15T16:07:11.521140+05:30,Sensor Value: 200
2025-03-15T16:07:13.517845+05:30,Sensor Value: 187
2025-03-15T16:07:15.518136+05:30,Sensor Value: 181
2025-03-15T16:07:17.528003+05:30,Sensor Value: 175
2025-03-15T16:07:19.528673+05:30,Sensor Value: 173
2025-03-15T16:07:21.525301+05:30,Sensor Value: 169
2025-03-15T16:07:23.531676+05:30,Sensor Value: 167
2025-03-15T16:07:25.533077+05:30,Sensor Value: 164
2025-03-15T16:07:27.530376+05:30,Sensor Value: 163
2025-03-15T16:07:29.536629+05:30,Sensor Value: 163
2025-03-15T16:07:31.534449+05:30,Sensor Value: 161
2025-03-15T16:07:33.542539+05:30,Sensor Value: 161
2025-03-15T16:07:35.543008+05:30,Sensor Value: 162
2025-03-15T16:07:37.545078+05:30,Sensor Value: 161
2025-03-15T16:07:39.543837+05:30,Sensor Value: 162
2025-03-15T16:07:41.546640+05:30,Sensor Value: 161
2025-03-15T16:07:43.549123+05:30,Sensor Value: 161
2025-03-15T16:07:45.553593+05:30,Sensor Value: 163
2025-03-15T16:07:47.549383+05:30,Sensor Value: 160
2025-03-15T16:07:49.554450+05:30,Sensor Value: 158
2025-03-15T16:07:51.557837+05:30,Sensor Value: 159
2025-03-15T16:07:53.563294+05:30,Sensor Value: 156
2025-03-15T16:07:55.559439+05:30,Sensor Value: 158
2025-03-15T16:07:57.559382+05:30,Sensor Value: 158
2025-03-15T16:07:59.560888+05:30,Sensor Value: 158
2025-03-15T16:08:01.562631+05:30,Sensor Value: 159
2025-03-15T16:08:03.573029+05:30,Sensor Value: 159
2025-03-15T16:08:05.572898+05:30,Sensor Value: 159
2025-03-15T16:08:07.573196+05:30,Sensor Value: 159
2025-03-15T16:08:09.567911+05:30,Sensor Value: 158
2025-03-15T16:08:11.577022+05:30,Sensor Value: 157
2025-03-15T16:08:13.573965+05:30,Sensor Value: 158
2025-03-15T16:08:15.583036+05:30,Sensor Value: 156
2025-03-15T16:08:17.581539+05:30,Sensor Value: 157
2025-03-15T16:08:19.580314+05:30,Sensor Value: 158
2025-03-15T16:08:21.581705+05:30,Sensor Value: 157
2025-03-15T16:08:23.589238+05:30,Sensor Value: 156
2025-03-15T16:08:25.586770+05:30,Sensor Value: 156
2025-03-15T16:08:27.593550+05:30,Sensor Value: 156
2025-03-15T16:08:29.590796+05:30,Sensor Value: 157
2025-03-15T16:08:31.591553+05:30,Sensor Value: 157
2025-03-15T16:08:33.594035+05:30,Sensor Value: 159
2025-03-15T16:08:35.595394+05:30,Sensor Value: 157
2025-03-15T16:08:37.601177+05:30,Sensor Value: 156
2025-03-15T16:08:39.606164+05:30,Sensor Value: 156
2025-03-15T16:08:41.607197+05:30,Sensor Value: 155
2025-03-15T16:08:43.603874+05:30,Sensor Value: 155
2025-03-15T16:08:45.606237+05:30,Sensor Value: 156
2025-03-15T16:08:47.609294+05:30,Sensor Value: 155
2025-03-15T16:08:49.611711+05:30,Sensor Value: 156
2025-03-15T16:08:51.615878+05:30,Sensor Value: 156
2025-03-15T16:08:53.611895+05:30,Sensor Value: 156
2025-03-15T16:08:55.615965+05:30,Sensor Value: 156
2025-03-15T16:08:57.617412+05:30,Sensor Value: 155
2025-03-15T16:08:59.620213+05:30,Sensor Value: 156
2025-03-15T16:09:01.622289+05:30,Sensor Value: 155
2025-03-15T16:09:03.626764+05:30,Sensor Value: 154
2025-03-15T16:09:05.631709+05:30,Sensor Value: 153
2025-03-15T16:09:07.632412+05:30,Sensor Value: 153
2025-03-15T16:09:09.632363+05:30,Sensor Value: 152
2025-03-15T16:09:11.630167+05:30,Sensor Value: 153
2025-03-15T16:09:13.631500+05:30,Sensor Value: 153
2025-03-15T16:09:15.639816+05:30,Sensor Value: 154
2025-03-15T16:09:17.636291+05:30,Sensor Value: 155
2025-03-15T16:09:19.641514+05:30,Sensor Value: 153
2025-03-15T16:09:21.641276+05:30,Sensor Value: 153
2025-03-15T16:09:23.644958+05:30,Sensor Value: 153
2025-03-15T16:09:25.646580+05:30,Sensor Value: 152
2025-03-15T16:09:27.645367+05:30,Sensor Value: 153
2025-03-15T16:09:29.645556+05:30,Sensor Value: 152
2025-03-15T16:09:31.648084+05:30,Sensor Value: 153
2025-03-15T16:09:33.649991+05:30,Sensor Value: 153
2025-03-15T16:09:35.657128+05:30,Sensor Value: 153
2025-03-15T16:09:37.657813+05:30,Sensor Value: 153
2025-03-15T16:09:39.659305+05:30,Sensor Value: 153
2025-03-15T16:09:41.661704+05:30,Sensor Value: 153
2025-03-15T16:09:43.665767+05:30,Sensor Value: 152
2025-03-15T16:09:45.663908+05:30,Sensor Value: 152
2025-03-15T16:09:47.662615+05:30,Sensor Value: 152
2025-03-15T16:09:49.671253+05:30,Sensor Value: 152
2025-03-15T16:09:51.667378+05:30,Sensor Value: 153
2025-03-15T16:09:53.677381+05:30,Sensor Value: 153
2025-03-15T16:09:55.671416+05:30,Sensor Value: 153
2025-03-15T16:09:57.672940+05:30,Sensor Value: 152
2025-03-15T16:09:59.680159+05:30,Sensor Value: 152
2025-03-15T16:10:01.679490+05:30,Sensor Value: 151
2025-03-15T16:10:03.677937+05:30,Sensor Value: 150
2025-03-15T16:10:05.679248+05:30,Sensor Value: 150
2025-03-15T16:10:07.688320+05:30,Sensor Value: 152
2025-03-15T16:10:09.683367+05:30,Sensor Value: 152
2025-03-15T16:10:11.685641+05:30,Sensor Value: 154
2025-03-15T16:10:13.687462+05:30,Sensor Value: 155
2025-03-15T16:10:15.694180+05:30,Sensor Value: 156
2025-03-15T16:10:17.694044+05:30,Sensor Value: 156
2025-03-15T16:10:19.693178+05:30,Sensor Value: 155
2025-03-15T16:10:21.696860+05:30,Sensor Value: 155
2025-03-15T16:10:23.696231+05:30,Sensor Value: 154
2025-03-15T16:10:25.704073+05:30,Sensor Value: 154
2025-03-15T16:10:27.705083+05:30,Sensor Value: 154
2025-03-15T16:10:29.702948+05:30,Sensor Value: 153
2025-03-15T16:10:31.707082+05:30,Sensor Value: 153
2025-03-15T16:10:33.705976+05:30,Sensor Value: 153
2025-03-15T16:10:35.712575+05:30,Sensor Value: 153
2025-03-15T16:10:37.707975+05:30,Sensor Value: 153
2025-03-15T16:10:39.713706+05:30,Sensor Value: 153
2025-03-15T16:10:41.713640+05:30,Sensor Value: 154
2025-03-15T16:10:43.722241+05:30,Sensor Value: 153
2025-03-15T16:10:45.721937+05:30,Sensor Value: 152
2025-03-15T16:10:47.720499+05:30,Sensor Value: 152
2025-03-15T16:10:49.722693+05:30,Sensor Value: 152
2025-03-15T16:10:51.726308+05:30,Sensor Value: 151
2025-03-15T16:10:53.727986+05:30,Sensor Value: 150
2025-03-15T16:10:55.726028+05:30,Sensor Value: 152
2025-03-15T16:10:57.728782+05:30,Sensor Value: 152
2025-03-15T16:10:59.728999+05:30,Sensor Value: 151
2025-03-15T16:11:01.738019+05:30,Sensor Value: 151
2025-03-15T16:11:03.738418+05:30,Sensor Value: 152
2025-03-15T16:11:05.736325+05:30,Sensor Value: 151
2025-03-15T16:11:07.742141+05:30,Sensor Value: 151
2025-03-15T16:11:09.744369+05:30,Sensor Value: 149
2025-03-15T16:11:11.741328+05:30,Sensor Value: 148
2025-03-15T16:11:13.748609+05:30,Sensor Value: 148
2025-03-15T16:11:15.753227+05:30,Sensor Value: 150
2025-03-15T16:11:17.754200+05:30,Sensor Value: 150
2025-03-15T16:11:19.751895+05:30,Sensor Value: 150
2025-03-15T16:11:21.750108+05:30,Sensor Value: 150
2025-03-15T16:11:23.756031+05:30,Sensor Value: 150
2025-03-15T16:11:25.759113+05:30,Sensor Value: 150
2025-03-15T16:11:27.758987+05:30,Sensor Value: 150
2025-03-15T16:11:29.764747+05:30,Sensor Value: 149
2025-03-15T16:11:31.759087+05:30,Sensor Value: 149
2025-03-15T16:11:33.765911+05:30,Sensor Value: 149
2025-03-15T16:11:35.769847+05:30,Sensor Value: 147
2025-03-15T16:11:37.770704+05:30,Sensor Value: 147
2025-03-15T16:11:39.767112+05:30,Sensor Value: 147
2025-03-15T16:11:41.769207+05:30,Sensor Value: 148
2025-03-15T16:11:43.774221+05:30,Sensor Value: 149
2025-03-15T16:11:45.776444+05:30,Sensor Value: 149
2025-03-15T16:11:47.779232+05:30,Sensor Value: 150
2025-03-15T16:11:49.777248+05:30,Sensor Value: 160
2025-03-15T16:11:51.781854+05:30,Sensor Value: 163
2025-03-15T16:11:53.788242+05:30,Sensor Value: 168
2025-03-15T16:11:55.790863+05:30,Sensor Value: 188
2025-03-15T16:11:57.787841+05:30,Sensor Value: 198
2025-03-15T16:11:59.786593+05:30,Sensor Value: 199
2025-03-15T16:12:01.792437+05:30,Sensor Value: 197
2025-03-15T16:12:03.789356+05:30,Sensor Value: 197
2025-03-15T16:12:05.792061+05:30,Sensor Value: 192
2025-03-15T16:12:07.795905+05:30,Sensor Value: 187
2025-03-15T16:12:09.802793+05:30,Sensor Value: 184
2025-03-15T16:12:11.802369+05:30,Sensor Value: 180
2025-03-15T16:12:13.799613+05:30,Sensor Value: 176
2025-03-15T16:12:15.801251+05:30,Sensor Value: 176
2025-03-15T16:12:17.810972+05:30,Sensor Value: 174
2025-03-15T16:12:19.809616+05:30,Sensor Value: 172
2025-03-15T16:12:21.810050+05:30,Sensor Value: 170
2025-03-15T16:12:23.808774+05:30,Sensor Value: 170
2025-03-15T16:12:25.817075+05:30,Sensor Value: 169
2025-03-15T16:12:27.812270+05:30,Sensor Value: 168
2025-03-15T16:12:29.814244+05:30,Sensor Value: 167
2025-03-15T16:12:31.821598+05:30,Sensor Value: 166
2025-03-15T16:12:33.823433+05:30,Sensor Value: 164
2025-03-15T16:12:35.821027+05:30,Sensor Value: 164
2025-03-15T16:12:37.824229+05:30,Sensor Value: 162
2025-03-15T16:12:39.824105+05:30,Sensor Value: 159
2025-03-15T16:12:41.824951+05:30,Sensor Value: 160
2025-03-15T16:12:43.827417+05:30,Sensor Value: 161
2025-03-15T16:12:45.836331+05:30,Sensor Value: 165
2025-03-15T16:12:47.837188+05:30,Sensor Value: 165
2025-03-15T16:12:49.838239+05:30,Sensor Value: 164
2025-03-15T16:12:51.832306+05:30,Sensor Value: 163
2025-03-15T16:12:53.838239+05:30,Sensor Value: 161
2025-03-15T16:12:55.845547+05:30,Sensor Value: 160
2025-03-15T16:12:57.840997+05:30,Sensor Value: 158
2025-03-15T16:12:59.842663+05:30,Sensor Value: 157
2025-03-15T16:13:01.844960+05:30,Sensor Value: 157
2025-03-15T16:13:03.849273+05:30,Sensor Value: 158
2025-03-15T16:13:05.847587+05:30,Sensor Value: 158
2025-03-15T16:13:07.850226+05:30,Sensor Value: 158
2025-03-15T16:13:09.855698+05:30,Sensor Value: 158
2025-03-15T16:13:11.852498+05:30,Sensor Value: 159
