Date,Time,Filename,Visibility (%),Avg Dark Value
17-02-2025,13:50:40,image_20250217_135040.jpg,67.83,82.02
17-02-2025,13:50:43,image_20250217_135043.jpg,68.35,80.71
17-02-2025,13:50:48,image_20250217_135048.jpg,68.38,80.63
17-02-2025,13:50:51,image_20250217_135051.jpg,64.75,89.89
17-02-2025,13:50:55,image_20250217_135055.jpg,67.84,82.01
17-02-2025,13:50:59,image_20250217_135059.jpg,70.98,73.99
17-02-2025,13:51:03,image_20250217_135103.jpg,71.51,72.65
17-02-2025,13:51:06,image_20250217_135106.jpg,70.22,75.93
17-02-2025,13:51:10,image_20250217_135110.jpg,72.21,70.87
17-02-2025,13:51:13,image_20250217_135113.jpg,71.42,72.89
17-02-2025,13:51:16,image_20250217_135116.jpg,76.06,61.04
17-02-2025,13:51:19,image_20250217_135119.jpg,80.4,49.97
17-02-2025,13:51:22,image_20250217_135122.jpg,70.53,75.15
17-02-2025,13:51:25,image_20250217_135125.jpg,74.02,66.25
10-03-2025,06:46:29,image_20250310_064629.jpg,59.69,102.78
10-03-2025,06:46:32,image_20250310_064632.jpg,60.2,101.49
10-03-2025,06:46:34,image_20250310_064634.jpg,59.23,103.95
10-03-2025,06:46:37,image_20250310_064637.jpg,59.51,103.25
10-03-2025,06:46:40,image_20250310_064640.jpg,61.46,98.27
10-03-2025,06:46:43,image_20250310_064643.jpg,59.04,104.45
10-03-2025,06:46:46,image_20250310_064646.jpg,58.31,106.3
10-03-2025,06:46:49,image_20250310_064649.jpg,59.73,102.68
10-03-2025,06:46:52,image_20250310_064652.jpg,62.21,96.36
10-03-2025,06:46:55,image_20250310_064655.jpg,58.81,105.04
10-03-2025,06:46:58,image_20250310_064658.jpg,61.01,99.43
10-03-2025,06:47:01,image_20250310_064701.jpg,60.71,100.2
10-03-2025,06:47:04,image_20250310_064704.jpg,58.72,105.27
10-03-2025,06:47:08,image_20250310_064708.jpg,52.28,121.67
10-03-2025,06:47:11,image_20250310_064711.jpg,60.93,99.64
12-03-2025,16:17:35,image_20250312_161735.jpg,74.85,64.14
12-03-2025,16:17:41,image_20250312_161741.jpg,74.81,64.23
12-03-2025,16:17:46,image_20250312_161746.jpg,69.55,77.65
12-03-2025,16:17:53,image_20250312_161753.jpg,75.15,63.36
12-03-2025,16:17:59,image_20250312_161759.jpg,75.12,63.44
12-03-2025,16:18:05,image_20250312_161805.jpg,75.15,63.38
12-03-2025,16:18:11,image_20250312_161811.jpg,75,63.75
12-03-2025,16:18:17,image_20250312_161817.jpg,75.05,63.62
12-03-2025,16:18:23,image_20250312_161823.jpg,74.62,64.73
12-03-2025,16:18:29,image_20250312_161829.jpg,74.9,64
12-03-2025,16:18:36,image_20250312_161836.jpg,75.22,63.19
12-03-2025,16:18:42,image_20250312_161842.jpg,75.37,62.81
12-03-2025,16:18:47,image_20250312_161847.jpg,75.48,62.53
12-03-2025,16:18:54,image_20250312_161854.jpg,75.48,62.54
12-03-2025,16:19:00,image_20250312_161900.jpg,75.75,61.85
12-03-2025,16:19:06,image_20250312_161906.jpg,75.83,61.64
12-03-2025,16:19:12,image_20250312_161912.jpg,75.39,62.76
12-03-2025,16:19:18,image_20250312_161918.jpg,75.02,63.7
12-03-2025,16:19:24,image_20250312_161924.jpg,75.14,63.4
12-03-2025,16:19:30,image_20250312_161930.jpg,75.09,63.53
12-03-2025,16:19:36,image_20250312_161936.jpg,75.25,63.11
12-03-2025,16:19:42,image_20250312_161942.jpg,75.04,63.64
12-03-2025,16:19:48,image_20250312_161948.jpg,75.11,63.46
12-03-2025,16:20:07,image_20250312_162007.jpg,41.64,148.81
12-03-2025,16:20:13,image_20250312_162013.jpg,40.83,150.89
12-03-2025,16:20:19,image_20250312_162019.jpg,40.09,152.77
13-03-2025,07:12:07,image_20250313_071207.jpg,39.9,153.25
13-03-2025,07:12:13,image_20250313_071213.jpg,39.39,154.56
13-03-2025,07:12:19,image_20250313_071219.jpg,39.1,155.29
13-03-2025,07:12:24,image_20250313_071224.jpg,38.48,156.88
13-03-2025,07:12:30,image_20250313_071230.jpg,37.44,159.52
13-03-2025,07:12:36,image_20250313_071236.jpg,36.64,161.57
13-03-2025,07:12:41,image_20250313_071241.jpg,36.11,162.91
13-03-2025,07:12:47,image_20250313_071247.jpg,35.87,163.52
13-03-2025,07:12:53,image_20250313_071253.jpg,35.56,164.32
13-03-2025,07:12:59,image_20250313_071259.jpg,35.74,163.87
13-03-2025,07:13:05,image_20250313_071305.jpg,35.65,164.1
13-03-2025,07:13:11,image_20250313_071311.jpg,35.76,163.81
13-03-2025,07:13:17,image_20250313_071317.jpg,36.02,163.14
13-03-2025,07:13:22,image_20250313_071322.jpg,36.69,161.45
13-03-2025,07:13:28,image_20250313_071328.jpg,39.47,154.35
13-03-2025,07:13:34,image_20250313_071334.jpg,49.33,129.21
13-03-2025,07:13:40,image_20250313_071340.jpg,54.47,116.1
13-03-2025,07:13:46,image_20250313_071346.jpg,66.69,84.93
13-03-2025,07:13:52,image_20250313_071352.jpg,77.23,58.06
13-03-2025,07:13:59,image_20250313_071359.jpg,75.29,63
13-03-2025,07:14:04,image_20250313_071404.jpg,75.38,62.79
13-03-2025,07:14:11,image_20250313_071411.jpg,75.03,63.67
13-03-2025,07:14:17,image_20250313_071417.jpg,73.44,67.74
13-03-2025,07:14:23,image_20250313_071423.jpg,74.42,65.22
13-03-2025,07:14:30,image_20250313_071430.jpg,75.75,61.83
13-03-2025,07:14:36,image_20250313_071436.jpg,73.62,67.28
13-03-2025,07:14:42,image_20250313_071442.jpg,73.39,67.84
13-03-2025,07:14:49,image_20250313_071449.jpg,73.16,68.43
13-03-2025,07:14:54,image_20250313_071454.jpg,72.61,69.83
13-03-2025,07:15:00,image_20250313_071500.jpg,72.38,70.42
13-03-2025,07:15:06,image_20250313_071506.jpg,72.12,71.08
13-03-2025,07:15:12,image_20250313_071512.jpg,72.12,71.1
13-03-2025,07:15:18,image_20250313_071518.jpg,71.9,71.67
13-03-2025,07:15:24,image_20250313_071524.jpg,71.87,71.72
13-03-2025,07:15:30,image_20250313_071530.jpg,71.83,71.85
13-03-2025,07:15:35,image_20250313_071535.jpg,71.6,72.42
13-03-2025,07:15:41,image_20250313_071541.jpg,71.44,72.82
13-03-2025,07:15:47,image_20250313_071547.jpg,71.26,73.29
13-03-2025,07:15:53,image_20250313_071553.jpg,71.22,73.39
13-03-2025,07:15:59,image_20250313_071559.jpg,71.99,71.43
13-03-2025,07:16:04,image_20250313_071604.jpg,71.39,72.95
13-03-2025,07:16:10,image_20250313_071610.jpg,71.44,72.83
13-03-2025,07:16:16,image_20250313_071616.jpg,71.21,73.41
13-03-2025,07:16:22,image_20250313_071622.jpg,71.51,72.64
13-03-2025,07:16:28,image_20250313_071628.jpg,71.27,73.26
13-03-2025,07:16:34,image_20250313_071634.jpg,71.56,72.52
13-03-2025,07:16:40,image_20250313_071640.jpg,71.54,72.57
13-03-2025,07:16:46,image_20250313_071646.jpg,71.42,72.87
13-03-2025,07:16:52,image_20250313_071652.jpg,71.76,72.02
13-03-2025,07:16:58,image_20250313_071658.jpg,71.94,71.54
13-03-2025,07:17:04,image_20250313_071704.jpg,72.16,70.99
13-03-2025,07:17:10,image_20250313_071710.jpg,72.14,71.04
13-03-2025,07:17:16,image_20250313_071716.jpg,71.77,72
13-03-2025,07:17:22,image_20250313_071722.jpg,71.21,73.41
13-03-2025,07:17:28,image_20250313_071728.jpg,71.28,73.24
13-03-2025,07:17:34,image_20250313_071734.jpg,71.75,72.03
13-03-2025,07:17:40,image_20250313_071740.jpg,71.75,72.04
13-03-2025,07:17:46,image_20250313_071746.jpg,71.85,71.79
13-03-2025,07:17:52,image_20250313_071752.jpg,61.98,96.94
13-03-2025,07:17:59,image_20250313_071759.jpg,71.43,72.86
13-03-2025,07:18:05,image_20250313_071805.jpg,71.56,72.51
13-03-2025,07:18:11,image_20250313_071811.jpg,71.42,72.87
13-03-2025,07:18:16,image_20250313_071816.jpg,71.66,72.26
13-03-2025,07:18:22,image_20250313_071822.jpg,71.49,72.69
13-03-2025,07:18:28,image_20250313_071828.jpg,71.59,72.45
13-03-2025,07:18:34,image_20250313_071834.jpg,71.6,72.42
13-03-2025,07:18:40,image_20250313_071840.jpg,71.6,72.42
13-03-2025,07:18:46,image_20250313_071846.jpg,71.53,72.6
13-03-2025,07:18:52,image_20250313_071852.jpg,71.48,72.73
13-03-2025,07:18:58,image_20250313_071858.jpg,71.51,72.65
13-03-2025,07:19:04,image_20250313_071904.jpg,72.74,69.51
13-03-2025,07:19:10,image_20250313_071910.jpg,72.9,69.12
13-03-2025,07:19:15,image_20250313_071915.jpg,72.95,68.97
13-03-2025,07:19:21,image_20250313_071921.jpg,73.03,68.76
13-03-2025,07:19:27,image_20250313_071927.jpg,73.68,67.12
13-03-2025,07:19:33,image_20250313_071933.jpg,73.59,67.35
13-03-2025,07:19:39,image_20250313_071939.jpg,72.24,70.79
13-03-2025,07:19:45,image_20250313_071945.jpg,71.63,72.34
13-03-2025,07:19:51,image_20250313_071951.jpg,71.87,71.73
13-03-2025,07:19:57,image_20250313_071957.jpg,71.8,71.92
13-03-2025,07:20:03,image_20250313_072003.jpg,71.9,71.66
13-03-2025,07:20:08,image_20250313_072008.jpg,71.97,71.48
13-03-2025,07:20:14,image_20250313_072014.jpg,72.01,71.37
13-03-2025,07:20:20,image_20250313_072020.jpg,71.55,72.54
13-03-2025,07:20:26,image_20250313_072026.jpg,72.79,69.39
13-03-2025,07:20:32,image_20250313_072032.jpg,72.8,69.35
13-03-2025,07:20:38,image_20250313_072038.jpg,71.45,72.79
13-03-2025,07:20:44,image_20250313_072044.jpg,71.43,72.86
13-03-2025,07:20:50,image_20250313_072050.jpg,71.33,73.11
13-03-2025,07:20:56,image_20250313_072056.jpg,71.27,73.25
13-03-2025,07:21:01,image_20250313_072101.jpg,71.25,73.3
13-03-2025,07:21:07,image_20250313_072107.jpg,71.31,73.15
13-03-2025,07:21:13,image_20250313_072113.jpg,71.01,73.91
13-03-2025,07:21:19,image_20250313_072119.jpg,71.57,72.51
13-03-2025,07:21:25,image_20250313_072125.jpg,71.53,72.61
13-03-2025,07:21:31,image_20250313_072131.jpg,71.49,72.71
13-03-2025,07:21:36,image_20250313_072136.jpg,71.58,72.48
13-03-2025,07:21:42,image_20250313_072142.jpg,71.79,71.92
13-03-2025,07:21:48,image_20250313_072148.jpg,71.61,72.38
13-03-2025,07:21:54,image_20250313_072154.jpg,71.62,72.38
13-03-2025,07:22:00,image_20250313_072200.jpg,71.68,72.21
13-03-2025,07:22:06,image_20250313_072206.jpg,71.62,72.38
13-03-2025,07:22:12,image_20250313_072212.jpg,71.61,72.39
13-03-2025,07:22:18,image_20250313_072218.jpg,71.58,72.46
13-03-2025,07:22:23,image_20250313_072223.jpg,71.63,72.35
13-03-2025,07:22:29,image_20250313_072229.jpg,71.46,72.78
13-03-2025,07:22:35,image_20250313_072235.jpg,71.4,72.93
13-03-2025,07:22:41,image_20250313_072241.jpg,71.26,73.29
13-03-2025,07:22:47,image_20250313_072247.jpg,71.68,72.22
13-03-2025,07:22:52,image_20250313_072252.jpg,71.64,72.31
13-03-2025,07:22:58,image_20250313_072258.jpg,71.77,71.99
13-03-2025,07:23:04,image_20250313_072304.jpg,71.71,72.13
13-03-2025,07:23:10,image_20250313_072310.jpg,71.59,72.44
13-03-2025,07:23:16,image_20250313_072316.jpg,71.53,72.61
13-03-2025,07:23:22,image_20250313_072322.jpg,71.49,72.71
13-03-2025,07:23:27,image_20250313_072327.jpg,71.47,72.75
13-03-2025,07:23:33,image_20250313_072333.jpg,71.52,72.62
13-03-2025,07:23:39,image_20250313_072339.jpg,71.67,72.24
13-03-2025,07:23:45,image_20250313_072345.jpg,71.68,72.22
13-03-2025,07:23:50,image_20250313_072350.jpg,71.7,72.17
13-03-2025,07:23:56,image_20250313_072356.jpg,71.79,71.95
13-03-2025,07:24:02,image_20250313_072402.jpg,71.76,72
13-03-2025,07:24:08,image_20250313_072408.jpg,71.74,72.07
13-03-2025,07:24:14,image_20250313_072414.jpg,71.67,72.25
13-03-2025,07:24:19,image_20250313_072419.jpg,71.85,71.79
13-03-2025,07:24:26,image_20250313_072426.jpg,71.89,71.68
13-03-2025,07:24:32,image_20250313_072432.jpg,71.95,71.52
13-03-2025,07:24:38,image_20250313_072438.jpg,71.99,71.43
13-03-2025,07:24:44,image_20250313_072444.jpg,71.76,72.01
13-03-2025,07:24:50,image_20250313_072450.jpg,72.03,71.32
13-03-2025,07:24:56,image_20250313_072456.jpg,72.11,71.11
13-03-2025,07:25:02,image_20250313_072502.jpg,72.11,71.11
13-03-2025,07:25:08,image_20250313_072508.jpg,72.23,70.82
13-03-2025,07:25:14,image_20250313_072514.jpg,72.16,70.99
13-03-2025,07:25:20,image_20250313_072520.jpg,72.33,70.56
13-03-2025,07:25:26,image_20250313_072526.jpg,72,71.39
13-03-2025,07:25:32,image_20250313_072532.jpg,71.99,71.43
13-03-2025,07:25:38,image_20250313_072538.jpg,58.6,105.56
13-03-2025,07:25:45,image_20250313_072545.jpg,71.98,71.45
13-03-2025,07:25:51,image_20250313_072551.jpg,72.01,71.37
13-03-2025,07:25:56,image_20250313_072556.jpg,72.06,71.24
13-03-2025,07:26:02,image_20250313_072602.jpg,72.29,70.65
13-03-2025,07:26:08,image_20250313_072608.jpg,72.23,70.82
13-03-2025,07:26:14,image_20250313_072614.jpg,72.24,70.8
13-03-2025,07:26:20,image_20250313_072620.jpg,72.04,71.29
13-03-2025,07:26:26,image_20250313_072626.jpg,72.35,70.52
13-03-2025,07:26:31,image_20250313_072631.jpg,72.24,70.79
13-03-2025,07:26:37,image_20250313_072637.jpg,72.32,70.57
13-03-2025,07:26:43,image_20250313_072643.jpg,72.07,71.22
13-03-2025,07:26:49,image_20250313_072649.jpg,72.04,71.31
13-03-2025,07:26:54,image_20250313_072654.jpg,71.97,71.47
13-03-2025,07:27:00,image_20250313_072700.jpg,71.87,71.72
13-03-2025,07:27:06,image_20250313_072706.jpg,71.76,72.02
13-03-2025,07:27:12,image_20250313_072712.jpg,71.76,72
13-03-2025,07:27:18,image_20250313_072718.jpg,71.78,71.96
13-03-2025,07:27:23,image_20250313_072723.jpg,71.88,71.7
13-03-2025,07:27:29,image_20250313_072729.jpg,71.9,71.66
13-03-2025,07:27:35,image_20250313_072735.jpg,72.09,71.16
13-03-2025,07:27:41,image_20250313_072741.jpg,71.97,71.49
13-03-2025,07:27:46,image_20250313_072746.jpg,71.92,71.59
13-03-2025,07:27:52,image_20250313_072752.jpg,72.01,71.38
13-03-2025,07:27:58,image_20250313_072758.jpg,71.97,71.47
13-03-2025,07:28:04,image_20250313_072804.jpg,72.03,71.32
13-03-2025,07:28:10,image_20250313_072810.jpg,71.98,71.46
13-03-2025,07:28:16,image_20250313_072816.jpg,64.87,89.58
13-03-2025,07:28:22,image_20250313_072822.jpg,54.24,116.69
13-03-2025,07:28:29,image_20250313_072829.jpg,71.99,71.44
13-03-2025,07:28:35,image_20250313_072835.jpg,60.43,100.89
13-03-2025,07:28:42,image_20250313_072842.jpg,71,73.94
13-03-2025,07:28:48,image_20250313_072848.jpg,67.6,82.63
13-03-2025,07:28:55,image_20250313_072855.jpg,70.93,74.12
13-03-2025,07:29:01,image_20250313_072901.jpg,71.16,73.54
13-03-2025,07:29:07,image_20250313_072907.jpg,68.04,81.51
13-03-2025,07:29:13,image_20250313_072913.jpg,71.04,73.84
13-03-2025,07:29:19,image_20250313_072919.jpg,71.1,73.69
13-03-2025,07:29:25,image_20250313_072925.jpg,71.1,73.7
13-03-2025,07:29:31,image_20250313_072931.jpg,71.08,73.75
13-03-2025,07:29:37,image_20250313_072937.jpg,71.03,73.88
13-03-2025,07:29:43,image_20250313_072943.jpg,71.06,73.81
13-03-2025,07:29:49,image_20250313_072949.jpg,71.12,73.63
13-03-2025,07:29:55,image_20250313_072955.jpg,71.11,73.68
13-03-2025,07:30:00,image_20250313_073000.jpg,71.13,73.61
13-03-2025,07:30:06,image_20250313_073006.jpg,71.07,73.77
13-03-2025,07:30:12,image_20250313_073012.jpg,71.01,73.91
13-03-2025,07:30:18,image_20250313_073018.jpg,71.01,73.92
13-03-2025,07:30:24,image_20250313_073024.jpg,71.1,73.71
13-03-2025,07:30:29,image_20250313_073029.jpg,70.89,74.24
13-03-2025,07:30:36,image_20250313_073036.jpg,70.97,74.03
13-03-2025,07:30:42,image_20250313_073042.jpg,71.06,73.81
13-03-2025,07:30:48,image_20250313_073048.jpg,71.06,73.8
13-03-2025,07:30:54,image_20250313_073054.jpg,71.1,73.7
13-03-2025,07:30:59,image_20250313_073059.jpg,71.19,73.47
13-03-2025,07:31:05,image_20250313_073105.jpg,71.31,73.16
13-03-2025,07:31:11,image_20250313_073111.jpg,71.38,72.99
13-03-2025,07:31:17,image_20250313_073117.jpg,71.56,72.52
13-03-2025,07:31:23,image_20250313_073123.jpg,71.62,72.37
13-03-2025,07:31:29,image_20250313_073129.jpg,71.62,72.37
13-03-2025,07:31:35,image_20250313_073135.jpg,71.59,72.45
13-03-2025,07:31:41,image_20250313_073141.jpg,71.8,71.92
13-03-2025,07:31:47,image_20250313_073147.jpg,71.73,72.09
13-03-2025,07:31:52,image_20250313_073152.jpg,71.71,72.14
13-03-2025,07:31:58,image_20250313_073158.jpg,71.73,72.1
13-03-2025,07:32:04,image_20250313_073204.jpg,71.89,71.68
13-03-2025,07:32:10,image_20250313_073210.jpg,71.7,72.16
13-03-2025,07:32:16,image_20250313_073216.jpg,71.75,72.04
13-03-2025,07:32:22,image_20250313_073222.jpg,71.83,71.84
13-03-2025,07:32:28,image_20250313_073228.jpg,71.91,71.63
13-03-2025,07:32:34,image_20250313_073234.jpg,72.04,71.29
13-03-2025,07:32:40,image_20250313_073240.jpg,72.09,71.16
13-03-2025,07:32:45,image_20250313_073245.jpg,72.17,70.98
13-03-2025,07:32:51,image_20250313_073251.jpg,72.2,70.9
13-03-2025,07:32:57,image_20250313_073257.jpg,72.19,70.92
13-03-2025,07:33:03,image_20250313_073303.jpg,72.25,70.75
13-03-2025,07:33:09,image_20250313_073309.jpg,72.23,70.81
13-03-2025,07:33:15,image_20250313_073315.jpg,72.29,70.67
13-03-2025,07:33:21,image_20250313_073321.jpg,71.91,71.63
13-03-2025,07:33:27,image_20250313_073327.jpg,72,71.39
13-03-2025,07:33:33,image_20250313_073333.jpg,71.96,71.5
13-03-2025,07:33:39,image_20250313_073339.jpg,72.09,71.16
13-03-2025,07:33:44,image_20250313_073344.jpg,72.29,70.67
13-03-2025,07:33:50,image_20250313_073350.jpg,72.13,71.06
13-03-2025,07:33:56,image_20250313_073356.jpg,72.13,71.07
13-03-2025,07:34:02,image_20250313_073402.jpg,72.14,71.05
13-03-2025,07:34:08,image_20250313_073408.jpg,72.22,70.83
13-03-2025,07:34:14,image_20250313_073414.jpg,72.3,70.63
13-03-2025,07:34:20,image_20250313_073420.jpg,71.91,71.62
13-03-2025,07:34:26,image_20250313_073426.jpg,72,71.39
13-03-2025,07:34:32,image_20250313_073432.jpg,72.09,71.16
13-03-2025,07:34:38,image_20250313_073438.jpg,72.03,71.31
13-03-2025,07:34:44,image_20250313_073444.jpg,71.96,71.51
13-03-2025,07:34:50,image_20250313_073450.jpg,71.89,71.67
13-03-2025,07:34:56,image_20250313_073456.jpg,71.74,72.05
13-03-2025,07:35:02,image_20250313_073502.jpg,71.64,72.31
13-03-2025,07:35:08,image_20250313_073508.jpg,71.53,72.61
13-03-2025,07:35:13,image_20250313_073513.jpg,71.61,72.4
13-03-2025,07:35:19,image_20250313_073519.jpg,71.71,72.14
13-03-2025,07:35:25,image_20250313_073525.jpg,71.73,72.09
13-03-2025,07:35:31,image_20250313_073531.jpg,71.75,72.03
13-03-2025,07:35:37,image_20250313_073537.jpg,64.03,91.72
13-03-2025,07:35:44,image_20250313_073544.jpg,71.8,71.9
13-03-2025,07:35:50,image_20250313_073550.jpg,71.89,71.68
13-03-2025,07:35:56,image_20250313_073556.jpg,71.87,71.73
13-03-2025,07:36:02,image_20250313_073602.jpg,71.88,71.7
13-03-2025,07:36:07,image_20250313_073607.jpg,71.86,71.76
13-03-2025,07:36:13,image_20250313_073613.jpg,71.86,71.77
13-03-2025,07:36:19,image_20250313_073619.jpg,50.66,125.81
13-03-2025,07:36:27,image_20250313_073627.jpg,71.9,71.67
13-03-2025,07:36:33,image_20250313_073633.jpg,71.09,73.71
13-03-2025,07:36:39,image_20250313_073639.jpg,71.13,73.61
13-03-2025,07:36:45,image_20250313_073645.jpg,71.1,73.7
13-03-2025,07:36:51,image_20250313_073651.jpg,58.2,106.59
13-03-2025,07:36:58,image_20250313_073658.jpg,71.4,72.92
13-03-2025,07:37:04,image_20250313_073704.jpg,71.4,72.94
13-03-2025,07:37:10,image_20250313_073710.jpg,71.48,72.71
13-03-2025,07:37:15,image_20250313_073715.jpg,71.38,72.97
13-03-2025,07:37:21,image_20250313_073721.jpg,71.39,72.96
13-03-2025,07:37:27,image_20250313_073727.jpg,72.8,69.37
13-03-2025,07:37:33,image_20250313_073733.jpg,72.69,69.65
13-03-2025,07:37:39,image_20250313_073739.jpg,71.92,71.61
13-03-2025,07:37:45,image_20250313_073745.jpg,72.03,71.31
13-03-2025,07:37:51,image_20250313_073751.jpg,72.11,71.12
13-03-2025,07:37:57,image_20250313_073757.jpg,71.97,71.49
13-03-2025,07:38:03,image_20250313_073803.jpg,71.43,72.85
13-03-2025,07:38:08,image_20250313_073808.jpg,71.46,72.77
13-03-2025,07:38:14,image_20250313_073814.jpg,71.44,72.83
13-03-2025,07:38:20,image_20250313_073820.jpg,71.82,71.86
13-03-2025,07:38:26,image_20250313_073826.jpg,71.75,72.05
13-03-2025,07:38:32,image_20250313_073832.jpg,71.75,72.05
13-03-2025,07:38:38,image_20250313_073838.jpg,53,119.84
13-03-2025,07:38:46,image_20250313_073846.jpg,72.05,71.28
13-03-2025,07:38:52,image_20250313_073852.jpg,72.22,70.83
13-03-2025,07:38:58,image_20250313_073858.jpg,71.46,72.78
13-03-2025,07:39:04,image_20250313_073904.jpg,71.58,72.48
13-03-2025,07:39:10,image_20250313_073910.jpg,71.7,72.17
13-03-2025,07:39:16,image_20250313_073916.jpg,72.19,70.92
13-03-2025,07:39:21,image_20250313_073921.jpg,71.93,71.58
13-03-2025,07:39:27,image_20250313_073927.jpg,71.91,71.63
13-03-2025,07:39:33,image_20250313_073933.jpg,71.96,71.51
13-03-2025,07:39:39,image_20250313_073939.jpg,72,71.41
13-03-2025,07:39:45,image_20250313_073945.jpg,71.98,71.46
13-03-2025,07:39:51,image_20250313_073951.jpg,72.24,70.78
13-03-2025,07:39:57,image_20250313_073957.jpg,72.24,70.8
13-03-2025,07:40:03,image_20250313_074003.jpg,72.09,71.18
13-03-2025,07:40:09,image_20250313_074009.jpg,72.17,70.98
13-03-2025,07:40:15,image_20250313_074015.jpg,72.33,70.55
13-03-2025,07:40:21,image_20250313_074021.jpg,71.79,71.94
13-03-2025,07:40:27,image_20250313_074027.jpg,72.06,71.24
13-03-2025,07:40:33,image_20250313_074033.jpg,72.22,70.85
13-03-2025,07:40:38,image_20250313_074038.jpg,72.51,70.09
13-03-2025,07:40:44,image_20250313_074044.jpg,71.64,72.31
13-03-2025,07:40:50,image_20250313_074050.jpg,71.8,71.91
13-03-2025,07:40:56,image_20250313_074056.jpg,71.83,71.82
13-03-2025,07:41:02,image_20250313_074102.jpg,71.66,72.26
13-03-2025,07:41:08,image_20250313_074108.jpg,72,71.41
13-03-2025,07:41:14,image_20250313_074114.jpg,72.04,71.29
13-03-2025,07:41:20,image_20250313_074120.jpg,72.11,71.11
13-03-2025,07:41:26,image_20250313_074126.jpg,72.31,70.6
13-03-2025,07:41:32,image_20250313_074132.jpg,72.56,69.97
13-03-2025,07:41:38,image_20250313_074138.jpg,72.51,70.09
13-03-2025,07:41:44,image_20250313_074144.jpg,72.44,70.29
13-03-2025,07:41:50,image_20250313_074150.jpg,72.42,70.33
13-03-2025,07:41:56,image_20250313_074156.jpg,72.56,69.98
13-03-2025,07:42:02,image_20250313_074202.jpg,72.74,69.51
13-03-2025,07:42:08,image_20250313_074208.jpg,72.67,69.69
13-03-2025,07:42:14,image_20250313_074214.jpg,72.78,69.41
13-03-2025,07:42:20,image_20250313_074220.jpg,72.48,70.18
13-03-2025,07:42:26,image_20250313_074226.jpg,72.24,70.79
13-03-2025,07:42:32,image_20250313_074232.jpg,72.18,70.95
13-03-2025,07:42:38,image_20250313_074238.jpg,72.6,69.86
13-03-2025,07:42:44,image_20250313_074244.jpg,72.21,70.85
13-03-2025,07:42:50,image_20250313_074250.jpg,72.09,71.17
13-03-2025,07:42:56,image_20250313_074256.jpg,71.9,71.67
13-03-2025,07:43:02,image_20250313_074302.jpg,71.82,71.85
13-03-2025,07:43:08,image_20250313_074308.jpg,72.11,71.11
13-03-2025,07:43:14,image_20250313_074314.jpg,72.05,71.27
13-03-2025,07:43:20,image_20250313_074320.jpg,71.99,71.42
13-03-2025,07:43:26,image_20250313_074326.jpg,72.36,70.47
13-03-2025,07:43:32,image_20250313_074332.jpg,71.55,72.56
13-03-2025,07:43:38,image_20250313_074338.jpg,71.51,72.66
13-03-2025,07:43:44,image_20250313_074344.jpg,71.34,73.07
13-03-2025,07:43:50,image_20250313_074350.jpg,71.37,73
13-03-2025,07:43:56,image_20250313_074356.jpg,71.27,73.25
13-03-2025,07:44:02,image_20250313_074402.jpg,71.23,73.37
13-03-2025,07:44:08,image_20250313_074408.jpg,71.27,73.25
13-03-2025,07:44:14,image_20250313_074414.jpg,71.57,72.49
13-03-2025,07:44:20,image_20250313_074420.jpg,71.8,71.9
13-03-2025,07:44:26,image_20250313_074426.jpg,71.88,71.7
13-03-2025,07:44:31,image_20250313_074431.jpg,71.37,73
13-03-2025,07:44:38,image_20250313_074438.jpg,71.48,72.71
13-03-2025,07:44:44,image_20250313_074444.jpg,72.21,70.88
13-03-2025,07:44:50,image_20250313_074450.jpg,71.33,73.11
13-03-2025,07:44:56,image_20250313_074456.jpg,71.22,73.39
13-03-2025,07:45:02,image_20250313_074502.jpg,71.65,72.3
13-03-2025,07:45:08,image_20250313_074508.jpg,71.73,72.08
13-03-2025,07:45:14,image_20250313_074514.jpg,71.8,71.91
13-03-2025,07:45:20,image_20250313_074520.jpg,71.84,71.82
13-03-2025,07:45:26,image_20250313_074526.jpg,71.86,71.76
13-03-2025,07:45:31,image_20250313_074531.jpg,71.86,71.75
13-03-2025,07:45:37,image_20250313_074537.jpg,72,71.39
13-03-2025,07:45:43,image_20250313_074543.jpg,72.15,71.03
13-03-2025,07:45:50,image_20250313_074550.jpg,72.05,71.26
13-03-2025,07:45:55,image_20250313_074555.jpg,71.74,72.07
13-03-2025,07:46:02,image_20250313_074602.jpg,71.97,71.47
13-03-2025,07:46:08,image_20250313_074608.jpg,72.15,71.02
13-03-2025,07:46:14,image_20250313_074614.jpg,72.18,70.94
13-03-2025,07:46:20,image_20250313_074620.jpg,71.33,73.12
13-03-2025,07:46:26,image_20250313_074626.jpg,72.44,70.27
13-03-2025,07:46:31,image_20250313_074631.jpg,71.44,72.82
13-03-2025,07:46:37,image_20250313_074637.jpg,72.09,71.18
13-03-2025,07:46:43,image_20250313_074643.jpg,71.54,72.56
13-03-2025,07:46:49,image_20250313_074649.jpg,71.7,72.18
13-03-2025,07:46:55,image_20250313_074655.jpg,71.31,73.15
13-03-2025,07:47:01,image_20250313_074701.jpg,71.59,72.45
13-03-2025,07:47:07,image_20250313_074707.jpg,71.21,73.42
13-03-2025,07:47:13,image_20250313_074713.jpg,71.39,72.95
13-03-2025,07:47:19,image_20250313_074719.jpg,71.23,73.36
13-03-2025,07:47:25,image_20250313_074725.jpg,71.2,73.43
13-03-2025,07:47:31,image_20250313_074731.jpg,71.31,73.16
13-03-2025,07:47:37,image_20250313_074737.jpg,71.33,73.1
13-03-2025,07:47:43,image_20250313_074743.jpg,71.28,73.24
13-03-2025,07:47:49,image_20250313_074749.jpg,71.27,73.27
13-03-2025,07:47:55,image_20250313_074755.jpg,71.2,73.44
13-03-2025,07:48:01,image_20250313_074801.jpg,70.96,74.05
13-03-2025,07:48:07,image_20250313_074807.jpg,70.97,74.02
13-03-2025,07:48:13,image_20250313_074813.jpg,71.23,73.35
13-03-2025,07:48:19,image_20250313_074819.jpg,71.19,73.47
13-03-2025,07:48:25,image_20250313_074825.jpg,71.39,72.97
13-03-2025,07:48:31,image_20250313_074831.jpg,71.36,73.03
13-03-2025,07:48:37,image_20250313_074837.jpg,71.35,73.05
13-03-2025,07:48:43,image_20250313_074843.jpg,71.38,72.98
13-03-2025,07:48:49,image_20250313_074849.jpg,71.27,73.25
13-03-2025,07:48:55,image_20250313_074855.jpg,71.18,73.48
13-03-2025,07:49:01,image_20250313_074901.jpg,71.27,73.27
13-03-2025,07:49:07,image_20250313_074907.jpg,71.26,73.28
13-03-2025,07:49:13,image_20250313_074913.jpg,71.25,73.32
13-03-2025,07:49:19,image_20250313_074919.jpg,71.33,73.11
13-03-2025,07:49:25,image_20250313_074925.jpg,71.35,73.05
13-03-2025,07:49:31,image_20250313_074931.jpg,71.29,73.21
13-03-2025,07:49:37,image_20250313_074937.jpg,71.17,73.52
13-03-2025,07:49:43,image_20250313_074943.jpg,71.25,73.31
13-03-2025,07:49:49,image_20250313_074949.jpg,71.13,73.63
13-03-2025,07:49:55,image_20250313_074955.jpg,71.36,73.04
13-03-2025,07:50:01,image_20250313_075001.jpg,71.49,72.71
13-03-2025,07:50:07,image_20250313_075007.jpg,71.61,72.39
13-03-2025,07:50:13,image_20250313_075013.jpg,71.59,72.44
13-03-2025,07:50:20,image_20250313_075020.jpg,71.52,72.62
13-03-2025,07:50:26,image_20250313_075026.jpg,71.74,72.06
13-03-2025,07:50:32,image_20250313_075032.jpg,71.82,71.86
13-03-2025,07:50:38,image_20250313_075038.jpg,71.76,72.02
13-03-2025,07:50:44,image_20250313_075044.jpg,71.86,71.75
13-03-2025,07:50:50,image_20250313_075050.jpg,71.35,73.07
13-03-2025,07:50:56,image_20250313_075056.jpg,71.35,73.05
13-03-2025,07:51:02,image_20250313_075102.jpg,71.31,73.16
14-03-2025,18:05:35,image_20250314_180535.jpg,62.39,95.9
14-03-2025,18:08:01,image_20250314_180801.jpg,59.54,103.18
14-03-2025,18:09:03,image_20250314_180903.jpg,59.14,104.2
14-03-2025,18:10:05,image_20250314_181005.jpg,65.81,87.18
14-03-2025,18:11:07,image_20250314_181107.jpg,66.6,85.17
14-03-2025,18:12:08,image_20250314_181208.jpg,60.89,99.74
14-03-2025,18:13:11,image_20250314_181311.jpg,51.47,123.74
14-03-2025,18:14:15,image_20250314_181415.jpg,69.51,77.76
14-03-2025,18:15:16,image_20250314_181516.jpg,68.36,80.68
14-03-2025,18:16:18,image_20250314_181618.jpg,70.3,75.73
14-03-2025,18:17:20,image_20250314_181720.jpg,71.07,73.78
14-03-2025,18:18:22,image_20250314_181822.jpg,63.39,93.35
14-03-2025,18:19:24,image_20250314_181924.jpg,63.84,92.21
14-03-2025,18:20:26,image_20250314_182026.jpg,69.98,76.55
14-03-2025,18:21:27,image_20250314_182127.jpg,63.36,93.43
14-03-2025,18:22:29,image_20250314_182229.jpg,65.46,88.09
14-03-2025,18:23:31,image_20250314_182331.jpg,70.22,75.94
14-03-2025,18:24:33,image_20250314_182433.jpg,60.59,100.49
14-03-2025,18:25:35,image_20250314_182535.jpg,72.57,69.95
14-03-2025,18:26:37,image_20250314_182637.jpg,56.24,111.59
14-03-2025,18:27:41,image_20250314_182741.jpg,71.66,72.26
14-03-2025,18:28:42,image_20250314_182842.jpg,63.97,91.89
14-03-2025,18:29:44,image_20250314_182944.jpg,60.35,101.1
14-03-2025,18:30:46,image_20250314_183046.jpg,63.56,92.91
14-03-2025,18:31:49,image_20250314_183149.jpg,75.71,61.94
14-03-2025,18:32:50,image_20250314_183250.jpg,71.21,73.41
14-03-2025,18:33:52,image_20250314_183352.jpg,72.2,70.89
14-03-2025,18:34:53,image_20250314_183453.jpg,61.32,98.63
14-03-2025,18:35:57,image_20250314_183557.jpg,50.35,126.6
14-03-2025,18:37:00,image_20250314_183700.jpg,52.13,122.06
14-03-2025,18:38:09,image_20250314_183809.jpg,50.42,126.43
14-03-2025,18:41:47,image_20250314_184147.jpg,67.84,82
14-03-2025,18:42:49,image_20250314_184249.jpg,82.77,43.93
14-03-2025,18:43:50,image_20250314_184350.jpg,73.73,66.98
14-03-2025,18:44:52,image_20250314_184452.jpg,71,73.94
14-03-2025,18:45:53,image_20250314_184553.jpg,77.15,58.27
15-03-2025,14:05:26,image_20250315_140526.jpg,77.47,57.46
15-03-2025,14:06:27,image_20250315_140627.jpg,69.87,76.83
15-03-2025,14:07:28,image_20250315_140728.jpg,68.97,79.13
15-03-2025,14:08:30,image_20250315_140830.jpg,68.63,79.99
15-03-2025,14:09:31,image_20250315_140931.jpg,68.77,79.63
15-03-2025,14:10:32,image_20250315_141032.jpg,54.3,116.52
15-03-2025,14:11:33,image_20250315_141133.jpg,69.24,78.45
15-03-2025,14:12:35,image_20250315_141235.jpg,79.79,51.53
15-03-2025,14:13:36,image_20250315_141336.jpg,76.74,59.3
15-03-2025,14:14:37,image_20250315_141437.jpg,76.28,60.48
15-03-2025,14:15:38,image_20250315_141538.jpg,75.42,62.69
15-03-2025,14:16:39,image_20250315_141639.jpg,76.49,59.94
15-03-2025,14:17:41,image_20250315_141741.jpg,76.62,59.63
15-03-2025,14:18:42,image_20250315_141842.jpg,69.16,78.64
15-03-2025,14:19:44,image_20250315_141944.jpg,67.92,81.81
15-03-2025,14:20:46,image_20250315_142046.jpg,68.44,80.48
15-03-2025,14:21:47,image_20250315_142147.jpg,67.84,82.02
15-03-2025,14:22:48,image_20250315_142248.jpg,69.51,77.76
15-03-2025,14:23:49,image_20250315_142349.jpg,66.37,85.76
15-03-2025,14:24:51,image_20250315_142451.jpg,68.69,79.85
15-03-2025,14:25:52,image_20250315_142552.jpg,70.52,75.17
15-03-2025,14:26:53,image_20250315_142653.jpg,69.93,76.67
15-03-2025,14:27:54,image_20250315_142754.jpg,66.27,86
15-03-2025,14:28:57,image_20250315_142857.jpg,75.18,63.28
15-03-2025,14:29:58,image_20250315_142958.jpg,69.18,78.6
15-03-2025,14:31:00,image_20250315_143100.jpg,71.15,73.56
15-03-2025,14:32:01,image_20250315_143201.jpg,73.26,68.19
15-03-2025,14:55:22,image_20250315_145522.jpg,52.09,122.17
15-03-2025,14:55:45,image_20250315_145545.jpg,52.04,122.3
15-03-2025,15:24:09,image_20250315_152409.jpg,54.42,116.22
15-03-2025,15:25:21,image_20250315_152521.jpg,52.1,122.15
15-03-2025,15:25:43,image_20250315_152543.jpg,54.35,116.42
15-03-2025,15:25:53,image_20250315_152553.jpg,52.1,122.14
15-03-2025,15:26:04,image_20250315_152604.jpg,54.43,116.19
15-03-2025,15:26:18,image_20250315_152618.jpg,52.11,122.11
15-03-2025,15:26:39,image_20250315_152639.jpg,52.08,122.2
15-03-2025,15:27:53,image_20250315_152753.jpg,60.09,101.78
15-03-2025,15:28:01,image_20250315_152801.jpg,58.11,106.81
15-03-2025,15:30:34,image_20250315_153034.jpg,52.1,122.15
15-03-2025,15:30:48,image_20250315_153048.jpg,54.35,116.42
15-03-2025,15:31:00,image_20250315_153100.jpg,52.05,122.26
15-03-2025,15:31:16,image_20250315_153116.jpg,52.06,122.26
15-03-2025,15:31:30,image_20250315_153130.jpg,57.8,107.6
15-03-2025,15:31:40,image_20250315_153140.jpg,54.37,116.36
15-03-2025,15:32:13,image_20250315_153213.jpg,54.31,116.5
15-03-2025,15:32:22,image_20250315_153222.jpg,56.14,111.85
15-03-2025,15:32:29,image_20250315_153229.jpg,57.64,108.03
15-03-2025,15:32:35,image_20250315_153235.jpg,57.6,108.13
15-03-2025,15:32:42,image_20250315_153242.jpg,60.3,101.23
15-03-2025,15:32:47,image_20250315_153247.jpg,58.84,104.95
15-03-2025,15:32:53,image_20250315_153253.jpg,58.86,104.91
15-03-2025,15:32:59,image_20250315_153259.jpg,54.21,116.75
15-03-2025,15:33:10,image_20250315_153310.jpg,52.05,122.28
15-03-2025,15:33:25,image_20250315_153325.jpg,52.03,122.33
15-03-2025,15:33:39,image_20250315_153339.jpg,52,122.39
15-03-2025,15:33:47,image_20250315_153347.jpg,52.08,122.2
15-03-2025,15:33:58,image_20250315_153358.jpg,56.31,111.4
15-03-2025,15:34:05,image_20250315_153405.jpg,63.63,92.74
15-03-2025,15:34:10,image_20250315_153410.jpg,63.26,93.68
15-03-2025,15:34:15,image_20250315_153415.jpg,58.44,105.98
15-03-2025,15:34:20,image_20250315_153420.jpg,64.09,91.58
15-03-2025,15:34:25,image_20250315_153425.jpg,66.08,86.49
15-03-2025,15:34:29,image_20250315_153429.jpg,63.4,93.33
15-03-2025,15:34:34,image_20250315_153434.jpg,62.82,94.81
15-03-2025,15:34:47,image_20250315_153447.jpg,63.34,93.48
15-03-2025,15:34:53,image_20250315_153453.jpg,64.24,91.2
15-03-2025,15:34:57,image_20250315_153457.jpg,63.82,92.26
15-03-2025,15:35:02,image_20250315_153502.jpg,63.51,93.05
15-03-2025,15:35:07,image_20250315_153507.jpg,63.35,93.46
15-03-2025,15:35:11,image_20250315_153511.jpg,63.37,93.39
15-03-2025,15:35:16,image_20250315_153516.jpg,60.75,100.07
15-03-2025,15:35:21,image_20250315_153521.jpg,63.49,93.11
15-03-2025,15:35:26,image_20250315_153526.jpg,62.12,96.59
15-03-2025,15:35:31,image_20250315_153531.jpg,64.27,91.11
15-03-2025,15:35:35,image_20250315_153535.jpg,65.92,86.91
15-03-2025,15:35:39,image_20250315_153539.jpg,63.44,93.22
15-03-2025,15:35:44,image_20250315_153544.jpg,64.18,91.33
15-03-2025,15:35:48,image_20250315_153548.jpg,61.63,97.83
15-03-2025,15:35:54,image_20250315_153554.jpg,60.21,101.46
15-03-2025,15:36:00,image_20250315_153600.jpg,62.79,94.89
15-03-2025,15:36:05,image_20250315_153605.jpg,57,109.65
15-03-2025,15:36:10,image_20250315_153610.jpg,66.27,86
15-03-2025,15:36:26,image_20250315_153626.jpg,55.26,114.1
15-03-2025,15:36:35,image_20250315_153635.jpg,58.4,106.07
15-03-2025,15:36:41,image_20250315_153641.jpg,62.23,96.33
15-03-2025,15:36:47,image_20250315_153647.jpg,65.94,86.85
15-03-2025,15:36:51,image_20250315_153651.jpg,66.69,84.94
15-03-2025,15:36:55,image_20250315_153655.jpg,66.5,85.44
15-03-2025,15:36:59,image_20250315_153659.jpg,65.12,88.95
15-03-2025,15:37:04,image_20250315_153704.jpg,66.97,84.24
15-03-2025,15:37:08,image_20250315_153708.jpg,66.9,84.42
15-03-2025,15:37:12,image_20250315_153712.jpg,66.66,85.01
15-03-2025,15:37:16,image_20250315_153716.jpg,66.96,84.25
15-03-2025,15:37:20,image_20250315_153720.jpg,67.29,83.4
15-03-2025,15:37:24,image_20250315_153724.jpg,67.51,82.85
15-03-2025,15:37:28,image_20250315_153728.jpg,67.58,82.67
15-03-2025,15:37:33,image_20250315_153733.jpg,67.68,82.42
15-03-2025,15:37:37,image_20250315_153737.jpg,67.77,82.18
15-03-2025,15:37:41,image_20250315_153741.jpg,67.91,81.84
15-03-2025,15:37:45,image_20250315_153745.jpg,67.57,82.7
15-03-2025,15:37:49,image_20250315_153749.jpg,67.43,83.06
15-03-2025,15:37:53,image_20250315_153753.jpg,67.84,82.01
15-03-2025,15:37:57,image_20250315_153757.jpg,67.87,81.93
15-03-2025,15:38:01,image_20250315_153801.jpg,67.97,81.68
15-03-2025,15:38:05,image_20250315_153805.jpg,63.13,94.01
15-03-2025,15:38:10,image_20250315_153810.jpg,66.4,85.69
15-03-2025,15:38:14,image_20250315_153814.jpg,66.06,86.54
15-03-2025,15:38:19,image_20250315_153819.jpg,66.18,86.24
15-03-2025,15:38:23,image_20250315_153823.jpg,67.04,84.06
15-03-2025,15:38:27,image_20250315_153827.jpg,67.55,82.75
15-03-2025,15:38:31,image_20250315_153831.jpg,67.47,82.94
15-03-2025,15:38:35,image_20250315_153835.jpg,66.98,84.2
15-03-2025,15:38:40,image_20250315_153840.jpg,66.76,84.77
15-03-2025,15:38:44,image_20250315_153844.jpg,66.47,85.51
15-03-2025,15:38:48,image_20250315_153848.jpg,66.21,86.18
15-03-2025,15:38:52,image_20250315_153852.jpg,65.67,87.53
15-03-2025,15:38:56,image_20250315_153856.jpg,65.89,86.97
15-03-2025,15:39:00,image_20250315_153900.jpg,65.33,88.4
15-03-2025,15:39:04,image_20250315_153904.jpg,64.84,89.67
15-03-2025,15:39:08,image_20250315_153908.jpg,65.1,89.01
15-03-2025,15:39:13,image_20250315_153913.jpg,65.68,87.52
15-03-2025,15:39:17,image_20250315_153917.jpg,66.94,84.3
15-03-2025,15:39:21,image_20250315_153921.jpg,69.53,77.69
15-03-2025,15:39:26,image_20250315_153926.jpg,60.58,100.53
15-03-2025,15:39:31,image_20250315_153931.jpg,68.91,79.27
15-03-2025,15:39:36,image_20250315_153936.jpg,69.41,77.99
15-03-2025,15:39:41,image_20250315_153941.jpg,63.46,93.19
15-03-2025,15:39:46,image_20250315_153946.jpg,63.62,92.77
15-03-2025,15:39:52,image_20250315_153952.jpg,70.26,75.83
15-03-2025,15:39:57,image_20250315_153957.jpg,67.73,82.29
15-03-2025,15:40:02,image_20250315_154002.jpg,59.04,104.44
15-03-2025,15:40:08,image_20250315_154008.jpg,71.58,72.47
15-03-2025,15:40:12,image_20250315_154012.jpg,72.51,70.11
15-03-2025,15:40:16,image_20250315_154016.jpg,77.11,58.38
15-03-2025,15:40:20,image_20250315_154020.jpg,66.32,85.88
15-03-2025,15:40:24,image_20250315_154024.jpg,63.17,93.91
15-03-2025,15:40:28,image_20250315_154028.jpg,66.42,85.63
15-03-2025,15:40:32,image_20250315_154032.jpg,63.24,93.74
15-03-2025,15:40:36,image_20250315_154036.jpg,62.56,95.48
15-03-2025,15:40:40,image_20250315_154040.jpg,61.51,98.15
15-03-2025,15:40:44,image_20250315_154044.jpg,64.81,89.74
15-03-2025,15:40:48,image_20250315_154048.jpg,68.83,79.48
15-03-2025,15:40:53,image_20250315_154053.jpg,67.18,83.7
15-03-2025,15:40:57,image_20250315_154057.jpg,61.85,97.28
15-03-2025,15:41:01,image_20250315_154101.jpg,70.26,75.83
15-03-2025,15:41:05,image_20250315_154105.jpg,67.16,83.74
15-03-2025,15:41:09,image_20250315_154109.jpg,65.66,87.56
15-03-2025,15:41:13,image_20250315_154113.jpg,68.44,80.49
15-03-2025,15:41:18,image_20250315_154118.jpg,72.58,69.93
15-03-2025,15:41:22,image_20250315_154122.jpg,54.13,116.98
15-03-2025,15:41:26,image_20250315_154126.jpg,65.07,89.06
15-03-2025,15:41:30,image_20250315_154130.jpg,70.83,74.38
15-03-2025,15:41:34,image_20250315_154134.jpg,58.45,105.96
15-03-2025,15:41:38,image_20250315_154138.jpg,59.98,102.05
15-03-2025,15:41:42,image_20250315_154142.jpg,60.37,101.06
15-03-2025,15:41:46,image_20250315_154146.jpg,58.4,106.08
15-03-2025,15:41:50,image_20250315_154150.jpg,59.21,104.01
15-03-2025,15:41:54,image_20250315_154154.jpg,58.55,105.71
15-03-2025,15:41:59,image_20250315_154159.jpg,57.01,109.64
15-03-2025,15:42:03,image_20250315_154203.jpg,58.59,105.59
15-03-2025,15:42:07,image_20250315_154207.jpg,61.07,99.26
15-03-2025,15:42:11,image_20250315_154211.jpg,58.96,104.65
15-03-2025,15:42:15,image_20250315_154215.jpg,61.14,99.09
15-03-2025,15:42:19,image_20250315_154219.jpg,62.58,95.42
15-03-2025,15:42:23,image_20250315_154223.jpg,59.71,102.75
15-03-2025,15:42:27,image_20250315_154227.jpg,59.38,103.58
15-03-2025,15:42:31,image_20250315_154231.jpg,63.42,93.27
15-03-2025,15:42:35,image_20250315_154235.jpg,67.9,81.84
15-03-2025,15:42:39,image_20250315_154239.jpg,64.31,91.02
15-03-2025,15:42:43,image_20250315_154243.jpg,66.3,85.94
15-03-2025,15:42:47,image_20250315_154247.jpg,63.16,93.93
15-03-2025,15:42:51,image_20250315_154251.jpg,64.52,90.48
15-03-2025,15:42:55,image_20250315_154255.jpg,66.63,85.11
15-03-2025,15:43:00,image_20250315_154300.jpg,64.87,89.59
15-03-2025,15:43:04,image_20250315_154304.jpg,67.96,81.7
15-03-2025,15:43:08,image_20250315_154308.jpg,66.77,84.73
15-03-2025,15:43:13,image_20250315_154313.jpg,67.77,82.19
15-03-2025,15:43:17,image_20250315_154317.jpg,70.3,75.72
15-03-2025,15:43:21,image_20250315_154321.jpg,67.46,82.98
15-03-2025,15:43:25,image_20250315_154325.jpg,66.62,85.12
15-03-2025,15:43:30,image_20250315_154330.jpg,70.3,75.74
15-03-2025,15:43:34,image_20250315_154334.jpg,69.5,77.77
15-03-2025,15:43:39,image_20250315_154339.jpg,56.1,111.95
15-03-2025,15:43:44,image_20250315_154344.jpg,68.59,80.1
15-03-2025,15:43:48,image_20250315_154348.jpg,67.62,82.56
15-03-2025,15:43:53,image_20250315_154353.jpg,68.47,80.4
15-03-2025,15:43:57,image_20250315_154357.jpg,70.3,75.73
15-03-2025,15:44:01,image_20250315_154401.jpg,66.28,85.99
15-03-2025,15:44:06,image_20250315_154406.jpg,51.85,122.78
15-03-2025,15:44:14,image_20250315_154414.jpg,65.87,87.03
15-03-2025,15:44:19,image_20250315_154419.jpg,67.48,82.92
15-03-2025,15:44:23,image_20250315_154423.jpg,57.16,109.25
15-03-2025,15:44:29,image_20250315_154429.jpg,66.45,85.55
15-03-2025,15:44:34,image_20250315_154434.jpg,57.14,109.29
15-03-2025,15:44:39,image_20250315_154439.jpg,68.81,79.53
15-03-2025,15:44:44,image_20250315_154444.jpg,68.68,79.87
15-03-2025,15:44:49,image_20250315_154449.jpg,69.88,76.8
15-03-2025,15:44:54,image_20250315_154454.jpg,68.06,81.44
15-03-2025,15:44:58,image_20250315_154458.jpg,65.64,87.62
15-03-2025,15:45:03,image_20250315_154503.jpg,61.6,97.91
15-03-2025,15:45:08,image_20250315_154508.jpg,69.38,78.07
15-03-2025,15:45:12,image_20250315_154512.jpg,68.22,81.05
15-03-2025,15:45:17,image_20250315_154517.jpg,73.85,66.67
15-03-2025,15:45:21,image_20250315_154521.jpg,66.68,84.96
15-03-2025,15:45:26,image_20250315_154526.jpg,67.36,83.24
15-03-2025,15:45:30,image_20250315_154530.jpg,69,79.06
15-03-2025,15:45:35,image_20250315_154535.jpg,74.25,65.65
15-03-2025,15:45:39,image_20250315_154539.jpg,65.59,87.75
15-03-2025,15:45:43,image_20250315_154543.jpg,64.63,90.2
15-03-2025,15:45:46,image_20250315_154546.jpg,70.13,76.18
15-03-2025,15:45:50,image_20250315_154550.jpg,61.08,99.24
15-03-2025,15:45:54,image_20250315_154554.jpg,61.35,98.55
15-03-2025,15:45:58,image_20250315_154558.jpg,62.9,94.61
15-03-2025,15:46:02,image_20250315_154602.jpg,62.97,94.42
15-03-2025,15:46:06,image_20250315_154606.jpg,66.72,84.87
15-03-2025,15:46:10,image_20250315_154610.jpg,59.18,104.09
15-03-2025,15:46:14,image_20250315_154614.jpg,65.4,88.23
15-03-2025,15:46:19,image_20250315_154619.jpg,60.49,100.75
15-03-2025,15:46:23,image_20250315_154623.jpg,60.16,101.59
15-03-2025,15:46:27,image_20250315_154627.jpg,59.7,102.76
15-03-2025,15:46:31,image_20250315_154631.jpg,60.27,101.31
15-03-2025,15:46:34,image_20250315_154634.jpg,55.97,112.27
15-03-2025,15:46:38,image_20250315_154638.jpg,56.46,111.03
15-03-2025,15:46:42,image_20250315_154642.jpg,54.53,115.95
15-03-2025,15:46:46,image_20250315_154646.jpg,54.6,115.78
15-03-2025,15:46:50,image_20250315_154650.jpg,53.56,118.43
15-03-2025,15:46:54,image_20250315_154654.jpg,52.36,121.48
15-03-2025,15:46:58,image_20250315_154658.jpg,52.57,120.96
15-03-2025,15:47:01,image_20250315_154701.jpg,54.13,116.97
15-03-2025,15:47:05,image_20250315_154705.jpg,53.7,118.08
15-03-2025,15:47:09,image_20250315_154709.jpg,53.64,118.21
15-03-2025,15:47:13,image_20250315_154713.jpg,53.3,119.09
15-03-2025,15:47:17,image_20250315_154717.jpg,53.81,117.78
15-03-2025,15:47:21,image_20250315_154721.jpg,54.49,116.05
15-03-2025,15:47:24,image_20250315_154724.jpg,58.1,106.84
15-03-2025,15:47:28,image_20250315_154728.jpg,55.37,113.8
15-03-2025,15:47:32,image_20250315_154732.jpg,55.9,112.45
15-03-2025,15:47:36,image_20250315_154736.jpg,54.46,116.14
15-03-2025,15:47:40,image_20250315_154740.jpg,53.08,119.64
15-03-2025,15:47:44,image_20250315_154744.jpg,56.49,110.94
15-03-2025,15:47:48,image_20250315_154748.jpg,57.87,107.44
15-03-2025,15:47:52,image_20250315_154752.jpg,56.68,110.47
15-03-2025,15:47:56,image_20250315_154756.jpg,60.91,99.68
15-03-2025,15:48:00,image_20250315_154800.jpg,56.73,110.34
15-03-2025,15:48:04,image_20250315_154804.jpg,63.48,93.13
15-03-2025,15:48:08,image_20250315_154808.jpg,66.58,85.23
15-03-2025,15:48:11,image_20250315_154811.jpg,63.63,92.74
15-03-2025,15:48:15,image_20250315_154815.jpg,62.85,94.74
15-03-2025,15:48:19,image_20250315_154819.jpg,65.06,89.09
15-03-2025,15:48:23,image_20250315_154823.jpg,73.44,67.72
15-03-2025,15:48:27,image_20250315_154827.jpg,67.57,82.7
15-03-2025,15:48:31,image_20250315_154831.jpg,72.33,70.56
15-03-2025,15:48:35,image_20250315_154835.jpg,72.52,70.08
15-03-2025,15:48:39,image_20250315_154839.jpg,76.9,58.91
15-03-2025,15:48:43,image_20250315_154843.jpg,70.79,74.48
15-03-2025,15:48:47,image_20250315_154847.jpg,74.82,64.22
15-03-2025,15:48:51,image_20250315_154851.jpg,74.71,64.49
15-03-2025,15:48:55,image_20250315_154855.jpg,74.44,65.19
15-03-2025,15:48:59,image_20250315_154859.jpg,72.74,69.51
15-03-2025,15:49:03,image_20250315_154903.jpg,73.59,67.35
15-03-2025,15:49:06,image_20250315_154906.jpg,74.89,64.03
15-03-2025,15:49:11,image_20250315_154911.jpg,74.77,64.33
15-03-2025,15:49:14,image_20250315_154914.jpg,74.77,64.34
15-03-2025,15:49:18,image_20250315_154918.jpg,78.55,54.69
15-03-2025,15:49:22,image_20250315_154922.jpg,75.23,63.17
15-03-2025,15:49:26,image_20250315_154926.jpg,77.74,56.77
15-03-2025,15:49:30,image_20250315_154930.jpg,77.42,57.57
15-03-2025,15:49:34,image_20250315_154934.jpg,78.82,54
15-03-2025,15:49:38,image_20250315_154938.jpg,78.55,54.7
15-03-2025,15:49:42,image_20250315_154942.jpg,78.71,54.28
15-03-2025,15:49:46,image_20250315_154946.jpg,73.83,66.74
15-03-2025,15:49:50,image_20250315_154950.jpg,73.1,68.59
15-03-2025,15:49:54,image_20250315_154954.jpg,73.34,67.98
15-03-2025,15:49:58,image_20250315_154958.jpg,75.6,62.23
15-03-2025,15:50:02,image_20250315_155002.jpg,81.1,48.2
15-03-2025,15:50:06,image_20250315_155006.jpg,80.89,48.74
15-03-2025,15:50:10,image_20250315_155010.jpg,69.63,77.46
15-03-2025,15:50:14,image_20250315_155014.jpg,68.75,79.68
15-03-2025,15:50:18,image_20250315_155018.jpg,59.21,104.01
15-03-2025,15:50:24,image_20250315_155024.jpg,68.31,80.82
15-03-2025,15:50:29,image_20250315_155029.jpg,67.02,84.09
15-03-2025,15:50:33,image_20250315_155033.jpg,66.99,84.19
15-03-2025,15:50:38,image_20250315_155038.jpg,64.99,89.27
15-03-2025,15:50:42,image_20250315_155042.jpg,66.06,86.54
15-03-2025,15:50:46,image_20250315_155046.jpg,66.7,84.9
15-03-2025,15:50:50,image_20250315_155050.jpg,66.51,85.39
15-03-2025,15:50:54,image_20250315_155054.jpg,63.09,94.13
15-03-2025,15:50:58,image_20250315_155058.jpg,61.34,98.59
15-03-2025,15:51:03,image_20250315_155103.jpg,63.05,94.22
15-03-2025,15:51:07,image_20250315_155107.jpg,62.68,95.17
15-03-2025,15:51:11,image_20250315_155111.jpg,59.11,104.28
15-03-2025,15:51:15,image_20250315_155115.jpg,60.47,100.81
15-03-2025,15:51:19,image_20250315_155119.jpg,60.97,99.53
15-03-2025,15:51:23,image_20250315_155123.jpg,59.59,103.05
15-03-2025,15:51:27,image_20250315_155127.jpg,59.32,103.72
15-03-2025,15:51:31,image_20250315_155131.jpg,57.8,107.6
15-03-2025,15:51:35,image_20250315_155135.jpg,57.97,107.17
15-03-2025,15:51:39,image_20250315_155139.jpg,60.63,100.38
15-03-2025,15:51:43,image_20250315_155143.jpg,61.03,99.36
15-03-2025,15:51:47,image_20250315_155147.jpg,59.3,103.78
15-03-2025,15:51:51,image_20250315_155151.jpg,59.1,104.3
15-03-2025,15:51:54,image_20250315_155154.jpg,57.29,108.91
15-03-2025,15:51:58,image_20250315_155158.jpg,58.95,104.69
15-03-2025,15:52:02,image_20250315_155202.jpg,58.72,105.27
15-03-2025,15:52:06,image_20250315_155206.jpg,59.31,103.77
15-03-2025,15:52:10,image_20250315_155210.jpg,60.16,101.58
15-03-2025,15:52:14,image_20250315_155214.jpg,62.13,96.56
15-03-2025,15:52:18,image_20250315_155218.jpg,68.09,81.38
15-03-2025,15:52:22,image_20250315_155222.jpg,61.27,98.77
15-03-2025,15:52:26,image_20250315_155226.jpg,60.04,101.91
15-03-2025,15:52:30,image_20250315_155230.jpg,60.62,100.43
15-03-2025,15:52:34,image_20250315_155234.jpg,60.64,100.38
15-03-2025,15:52:39,image_20250315_155239.jpg,59.12,104.25
15-03-2025,15:52:43,image_20250315_155243.jpg,60,102
15-03-2025,15:52:47,image_20250315_155247.jpg,63.65,92.68
15-03-2025,15:52:51,image_20250315_155251.jpg,62.83,94.79
15-03-2025,15:52:55,image_20250315_155255.jpg,61.07,99.28
15-03-2025,15:52:59,image_20250315_155259.jpg,56.98,109.69
15-03-2025,15:53:03,image_20250315_155303.jpg,56.27,111.5
15-03-2025,15:53:07,image_20250315_155307.jpg,58.1,106.84
15-03-2025,15:53:11,image_20250315_155311.jpg,58.12,106.8
15-03-2025,15:53:14,image_20250315_155314.jpg,58.8,105.07
15-03-2025,15:53:18,image_20250315_155318.jpg,59.2,104.03
15-03-2025,15:53:22,image_20250315_155322.jpg,62.38,95.93
15-03-2025,15:53:26,image_20250315_155326.jpg,61.36,98.52
15-03-2025,15:53:30,image_20250315_155330.jpg,61.57,97.99
15-03-2025,15:53:34,image_20250315_155334.jpg,62.16,96.5
15-03-2025,15:53:38,image_20250315_155338.jpg,62.98,94.41
15-03-2025,15:53:42,image_20250315_155342.jpg,67.87,81.92
15-03-2025,15:53:46,image_20250315_155346.jpg,68.2,81.09
15-03-2025,15:53:49,image_20250315_155349.jpg,66.6,85.16
15-03-2025,15:53:53,image_20250315_155353.jpg,68.4,80.59
15-03-2025,15:53:57,image_20250315_155357.jpg,66.44,85.59
15-03-2025,15:54:01,image_20250315_155401.jpg,64.57,90.36
15-03-2025,15:54:05,image_20250315_155405.jpg,64.85,89.62
15-03-2025,15:54:09,image_20250315_155409.jpg,65.02,89.21
15-03-2025,15:54:13,image_20250315_155413.jpg,65.77,87.28
15-03-2025,15:54:17,image_20250315_155417.jpg,65.33,88.4
15-03-2025,15:54:21,image_20250315_155421.jpg,66.29,85.96
15-03-2025,15:54:25,image_20250315_155425.jpg,64.02,91.76
15-03-2025,15:54:29,image_20250315_155429.jpg,66.81,84.63
15-03-2025,15:54:33,image_20250315_155433.jpg,63.42,93.27
15-03-2025,15:54:37,image_20250315_155437.jpg,64.92,89.45
15-03-2025,15:54:41,image_20250315_155441.jpg,64.35,90.91
15-03-2025,15:54:45,image_20250315_155445.jpg,66.24,86.09
15-03-2025,15:54:50,image_20250315_155450.jpg,67.01,84.12
15-03-2025,15:54:54,image_20250315_155454.jpg,68.85,79.42
15-03-2025,15:54:58,image_20250315_155458.jpg,64.68,90.06
15-03-2025,15:55:02,image_20250315_155502.jpg,66.16,86.3
15-03-2025,15:55:06,image_20250315_155506.jpg,62.73,95.05
15-03-2025,15:55:10,image_20250315_155510.jpg,62.74,95.02
15-03-2025,15:55:14,image_20250315_155514.jpg,62.64,95.26
15-03-2025,15:55:18,image_20250315_155518.jpg,59.51,103.25
15-03-2025,15:55:22,image_20250315_155522.jpg,61.13,99.13
15-03-2025,15:55:26,image_20250315_155526.jpg,69.69,77.28
15-03-2025,15:55:31,image_20250315_155531.jpg,61.37,98.5
15-03-2025,15:55:35,image_20250315_155535.jpg,71.24,73.33
15-03-2025,15:55:39,image_20250315_155539.jpg,71.84,71.81
15-03-2025,15:55:44,image_20250315_155544.jpg,70.32,75.68
15-03-2025,15:55:48,image_20250315_155548.jpg,67.82,82.06
15-03-2025,15:55:52,image_20250315_155552.jpg,69.84,76.91
15-03-2025,15:55:56,image_20250315_155556.jpg,71.58,72.48
15-03-2025,15:56:00,image_20250315_155600.jpg,75.72,61.9
15-03-2025,15:56:04,image_20250315_155604.jpg,73.19,68.36
15-03-2025,15:56:09,image_20250315_155609.jpg,66.14,86.33
15-03-2025,15:56:13,image_20250315_155613.jpg,61.06,99.29
15-03-2025,15:56:17,image_20250315_155617.jpg,63.87,92.13
15-03-2025,15:56:21,image_20250315_155621.jpg,63.99,91.81
15-03-2025,15:56:25,image_20250315_155625.jpg,64.43,90.71
15-03-2025,15:56:29,image_20250315_155629.jpg,66.45,85.57
15-03-2025,15:56:33,image_20250315_155633.jpg,66.68,84.97
15-03-2025,15:56:37,image_20250315_155637.jpg,66.67,84.98
15-03-2025,15:56:41,image_20250315_155641.jpg,65.84,87.11
15-03-2025,15:56:45,image_20250315_155645.jpg,66.44,85.57
15-03-2025,15:56:49,image_20250315_155649.jpg,70.44,75.37
15-03-2025,15:56:53,image_20250315_155653.jpg,67.16,83.75
15-03-2025,15:56:56,image_20250315_155656.jpg,64.19,91.33
15-03-2025,15:57:00,image_20250315_155700.jpg,63.91,92.04
15-03-2025,15:57:04,image_20250315_155704.jpg,63.11,94.08
15-03-2025,15:57:08,image_20250315_155708.jpg,63.57,92.9
15-03-2025,15:57:12,image_20250315_155712.jpg,62.54,95.52
15-03-2025,15:57:16,image_20250315_155716.jpg,63.26,93.69
15-03-2025,15:57:20,image_20250315_155720.jpg,63.52,93.03
15-03-2025,15:57:24,image_20250315_155724.jpg,63.52,93.01
15-03-2025,15:57:28,image_20250315_155728.jpg,68.03,81.51
15-03-2025,15:57:32,image_20250315_155732.jpg,64.36,90.88
15-03-2025,15:57:36,image_20250315_155736.jpg,63.63,92.74
15-03-2025,15:57:40,image_20250315_155740.jpg,65.54,87.88
15-03-2025,15:57:44,image_20250315_155744.jpg,67.66,82.46
15-03-2025,15:57:48,image_20250315_155748.jpg,68.72,79.76
15-03-2025,15:57:52,image_20250315_155752.jpg,55.91,112.43
15-03-2025,15:57:57,image_20250315_155757.jpg,67.37,83.2
15-03-2025,15:58:01,image_20250315_155801.jpg,65.39,88.25
15-03-2025,15:58:06,image_20250315_155806.jpg,64.97,89.33
15-03-2025,15:58:10,image_20250315_155810.jpg,63.97,91.89
15-03-2025,15:58:14,image_20250315_155814.jpg,61.34,98.57
15-03-2025,15:58:18,image_20250315_155818.jpg,65.53,87.9
15-03-2025,15:58:23,image_20250315_155823.jpg,63.74,92.46
15-03-2025,15:58:31,image_20250315_155831.jpg,65.26,88.58
15-03-2025,15:58:35,image_20250315_155835.jpg,60.51,100.7
15-03-2025,15:58:39,image_20250315_155839.jpg,66.38,85.73
15-03-2025,15:58:44,image_20250315_155844.jpg,60.49,100.74
15-03-2025,15:58:48,image_20250315_155848.jpg,65,89.25
15-03-2025,15:58:53,image_20250315_155853.jpg,62.14,96.54
15-03-2025,15:58:58,image_20250315_155858.jpg,59.97,102.07
15-03-2025,15:59:02,image_20250315_155902.jpg,56.27,111.52
15-03-2025,15:59:06,image_20250315_155906.jpg,56.93,109.82
15-03-2025,15:59:10,image_20250315_155910.jpg,57.11,109.36
15-03-2025,15:59:15,image_20250315_155915.jpg,58.37,106.15
15-03-2025,15:59:19,image_20250315_155919.jpg,60.2,101.5
15-03-2025,15:59:23,image_20250315_155923.jpg,65.88,87.02
15-03-2025,15:59:28,image_20250315_155928.jpg,67.61,82.59
15-03-2025,15:59:32,image_20250315_155932.jpg,59.57,103.09
15-03-2025,15:59:38,image_20250315_155938.jpg,62.73,95.03
15-03-2025,15:59:42,image_20250315_155942.jpg,64.04,91.71
15-03-2025,15:59:46,image_20250315_155946.jpg,69.1,78.8
15-03-2025,15:59:50,image_20250315_155950.jpg,63.56,92.92
15-03-2025,15:59:54,image_20250315_155954.jpg,65.59,87.73
15-03-2025,15:59:58,image_20250315_155958.jpg,69.92,76.71
15-03-2025,16:00:03,image_20250315_160003.jpg,68.93,79.24
15-03-2025,16:00:07,image_20250315_160007.jpg,64.21,91.26
15-03-2025,16:00:12,image_20250315_160012.jpg,64.17,91.35
15-03-2025,16:00:16,image_20250315_160016.jpg,68.74,79.71
15-03-2025,16:00:20,image_20250315_160020.jpg,67.59,82.64
15-03-2025,16:00:24,image_20250315_160024.jpg,72.49,70.14
15-03-2025,16:00:28,image_20250315_160028.jpg,77.51,57.34
15-03-2025,16:00:32,image_20250315_160032.jpg,78.77,54.14
15-03-2025,16:00:36,image_20250315_160036.jpg,71.06,73.8
15-03-2025,16:00:40,image_20250315_160040.jpg,71.95,71.53
15-03-2025,16:00:44,image_20250315_160044.jpg,71.63,72.34
15-03-2025,16:00:48,image_20250315_160048.jpg,68.41,80.57
15-03-2025,16:00:52,image_20250315_160052.jpg,63.97,91.88
15-03-2025,16:00:56,image_20250315_160056.jpg,68.5,80.32
15-03-2025,16:01:00,image_20250315_160100.jpg,75.1,63.49
15-03-2025,16:01:04,image_20250315_160104.jpg,76.33,60.35
15-03-2025,16:01:08,image_20250315_160108.jpg,70.38,75.54
15-03-2025,16:01:12,image_20250315_160112.jpg,73.12,68.55
15-03-2025,16:01:17,image_20250315_160117.jpg,68,81.59
15-03-2025,16:01:21,image_20250315_160121.jpg,65.31,88.47
15-03-2025,16:01:25,image_20250315_160125.jpg,67.48,82.93
15-03-2025,16:01:28,image_20250315_160128.jpg,63.36,93.42
15-03-2025,16:01:32,image_20250315_160132.jpg,61.98,96.94
15-03-2025,16:01:36,image_20250315_160136.jpg,68.33,80.76
15-03-2025,16:01:41,image_20250315_160141.jpg,63.3,93.58
15-03-2025,16:01:45,image_20250315_160145.jpg,67.55,82.75
15-03-2025,16:01:50,image_20250315_160150.jpg,64.34,90.94
15-03-2025,16:01:54,image_20250315_160154.jpg,71.29,73.22
15-03-2025,16:01:58,image_20250315_160158.jpg,69.02,79.01
15-03-2025,16:02:02,image_20250315_160202.jpg,67.02,84.1
15-03-2025,16:02:06,image_20250315_160206.jpg,68.2,81.09
15-03-2025,16:02:10,image_20250315_160210.jpg,72.67,69.69
15-03-2025,16:02:14,image_20250315_160214.jpg,66.73,84.85
15-03-2025,16:02:19,image_20250315_160219.jpg,60.24,101.39
15-03-2025,16:02:23,image_20250315_160223.jpg,60.42,100.92
15-03-2025,16:02:27,image_20250315_160227.jpg,60.32,101.18
15-03-2025,16:02:31,image_20250315_160231.jpg,62.12,96.58
15-03-2025,16:02:35,image_20250315_160235.jpg,60.85,99.84
15-03-2025,16:02:39,image_20250315_160239.jpg,61.59,97.94
15-03-2025,16:02:43,image_20250315_160243.jpg,59.11,104.27
15-03-2025,16:02:47,image_20250315_160247.jpg,61.37,98.5
15-03-2025,16:02:53,image_20250315_160253.jpg,57.56,108.23
15-03-2025,16:02:56,image_20250315_160256.jpg,56.23,111.62
15-03-2025,16:03:00,image_20250315_160300.jpg,57.38,108.69
15-03-2025,16:03:04,image_20250315_160304.jpg,66.57,85.25
15-03-2025,16:03:09,image_20250315_160309.jpg,62,96.89
15-03-2025,16:03:13,image_20250315_160313.jpg,57.43,108.55
15-03-2025,16:03:17,image_20250315_160317.jpg,58.75,105.2
15-03-2025,16:03:21,image_20250315_160321.jpg,56.41,111.16
15-03-2025,16:03:25,image_20250315_160325.jpg,56.7,110.41
15-03-2025,16:03:29,image_20250315_160329.jpg,59.43,103.45
15-03-2025,16:03:33,image_20250315_160333.jpg,56.17,111.77
15-03-2025,16:03:37,image_20250315_160337.jpg,55.36,113.84
15-03-2025,16:03:41,image_20250315_160341.jpg,57.91,107.32
15-03-2025,16:03:45,image_20250315_160345.jpg,61.4,98.43
15-03-2025,16:03:49,image_20250315_160349.jpg,62.33,96.06
15-03-2025,16:03:53,image_20250315_160353.jpg,63.51,93.05
15-03-2025,16:03:57,image_20250315_160357.jpg,57.91,107.33
15-03-2025,16:04:01,image_20250315_160401.jpg,60.87,99.78
15-03-2025,16:04:05,image_20250315_160405.jpg,60.83,99.89
15-03-2025,16:04:09,image_20250315_160409.jpg,60.23,101.42
15-03-2025,16:04:13,image_20250315_160413.jpg,61.88,97.2
15-03-2025,16:04:17,image_20250315_160417.jpg,63.07,94.16
15-03-2025,16:04:21,image_20250315_160421.jpg,60.29,101.26
15-03-2025,16:04:25,image_20250315_160425.jpg,67.39,83.16
15-03-2025,16:04:29,image_20250315_160429.jpg,63.44,93.23
15-03-2025,16:04:33,image_20250315_160433.jpg,61.9,97.16
15-03-2025,16:04:39,image_20250315_160439.jpg,62.08,96.7
15-03-2025,16:04:43,image_20250315_160443.jpg,58.55,105.7
15-03-2025,16:04:48,image_20250315_160448.jpg,67.95,81.72
15-03-2025,16:04:52,image_20250315_160452.jpg,68.44,80.49
15-03-2025,16:04:56,image_20250315_160456.jpg,66.96,84.26
15-03-2025,16:05:00,image_20250315_160500.jpg,65.17,88.81
15-03-2025,16:05:04,image_20250315_160504.jpg,63.29,93.61
15-03-2025,16:05:09,image_20250315_160509.jpg,68.29,80.85
15-03-2025,16:05:13,image_20250315_160513.jpg,63.28,93.63
15-03-2025,16:05:17,image_20250315_160517.jpg,62.6,95.37
15-03-2025,16:05:21,image_20250315_160521.jpg,61.24,98.85
15-03-2025,16:05:25,image_20250315_160525.jpg,58.3,106.33
15-03-2025,16:05:29,image_20250315_160529.jpg,59.25,103.92
15-03-2025,16:05:33,image_20250315_160533.jpg,62.5,95.62
15-03-2025,16:05:39,image_20250315_160539.jpg,58.82,105.01
15-03-2025,16:05:43,image_20250315_160543.jpg,58.97,104.62
15-03-2025,16:05:47,image_20250315_160547.jpg,59.19,104.07
15-03-2025,16:05:52,image_20250315_160552.jpg,66.31,85.9
15-03-2025,16:05:56,image_20250315_160556.jpg,68.57,80.15
15-03-2025,16:06:01,image_20250315_160601.jpg,70.26,75.84
15-03-2025,16:06:05,image_20250315_160605.jpg,70.85,74.33
15-03-2025,16:06:10,image_20250315_160610.jpg,76.07,61.03
15-03-2025,16:06:14,image_20250315_160614.jpg,75.81,61.68
15-03-2025,16:06:19,image_20250315_160619.jpg,74.61,64.75
15-03-2025,16:06:23,image_20250315_160623.jpg,61.47,98.26
15-03-2025,16:06:28,image_20250315_160628.jpg,57.35,108.75
15-03-2025,16:06:32,image_20250315_160632.jpg,57.55,108.24
15-03-2025,16:06:37,image_20250315_160637.jpg,58.18,106.65
15-03-2025,16:06:41,image_20250315_160641.jpg,58.78,105.11
15-03-2025,16:06:45,image_20250315_160645.jpg,61.63,97.84
15-03-2025,16:06:50,image_20250315_160650.jpg,60.15,101.61
15-03-2025,16:06:54,image_20250315_160654.jpg,58.3,106.33
15-03-2025,16:06:59,image_20250315_160659.jpg,56.61,110.64
15-03-2025,16:07:04,image_20250315_160704.jpg,57,109.66
15-03-2025,16:07:08,image_20250315_160708.jpg,55.48,113.52
15-03-2025,16:07:12,image_20250315_160712.jpg,56.51,110.89
15-03-2025,16:07:16,image_20250315_160716.jpg,56.64,110.58
15-03-2025,16:07:20,image_20250315_160720.jpg,55.37,113.8
15-03-2025,16:07:25,image_20250315_160725.jpg,55.74,112.87
15-03-2025,16:07:29,image_20250315_160729.jpg,59.97,102.08
15-03-2025,16:07:33,image_20250315_160733.jpg,54.93,114.94
15-03-2025,16:07:38,image_20250315_160738.jpg,56.98,109.71
15-03-2025,16:07:42,image_20250315_160742.jpg,55.87,112.52
15-03-2025,16:07:46,image_20250315_160746.jpg,61.4,98.42
15-03-2025,16:07:51,image_20250315_160751.jpg,56.54,110.82
15-03-2025,16:07:55,image_20250315_160755.jpg,55.99,112.23
15-03-2025,16:07:59,image_20250315_160759.jpg,56.48,110.97
15-03-2025,16:08:03,image_20250315_160803.jpg,54.33,116.47
15-03-2025,16:08:07,image_20250315_160807.jpg,53.96,117.4
15-03-2025,16:08:15,image_20250315_160815.jpg,55.74,112.86
15-03-2025,16:08:25,image_20250315_160825.jpg,59.42,103.48
15-03-2025,16:08:30,image_20250315_160830.jpg,57.24,109.05
15-03-2025,16:08:34,image_20250315_160834.jpg,56.21,111.66
15-03-2025,16:08:39,image_20250315_160839.jpg,57.98,107.15
15-03-2025,16:08:43,image_20250315_160843.jpg,55.19,114.27
15-03-2025,16:08:47,image_20250315_160847.jpg,58.65,105.43
15-03-2025,16:08:52,image_20250315_160852.jpg,59.74,102.66
15-03-2025,16:08:56,image_20250315_160856.jpg,56.72,110.37
15-03-2025,16:09:00,image_20250315_160900.jpg,57.9,107.34
15-03-2025,16:09:07,image_20250315_160907.jpg,57.64,108.01
15-03-2025,16:09:11,image_20250315_160911.jpg,57.39,108.65
15-03-2025,16:09:14,image_20250315_160914.jpg,57.89,107.38
15-03-2025,16:09:19,image_20250315_160919.jpg,59.63,102.95
15-03-2025,16:09:23,image_20250315_160923.jpg,58.96,104.66
15-03-2025,16:09:27,image_20250315_160927.jpg,58.5,105.84
15-03-2025,16:09:32,image_20250315_160932.jpg,61.58,97.98
15-03-2025,16:09:37,image_20250315_160937.jpg,58,107.09
15-03-2025,16:09:41,image_20250315_160941.jpg,58.18,106.64
15-03-2025,16:09:45,image_20250315_160945.jpg,59.2,104.05
15-03-2025,16:09:49,image_20250315_160949.jpg,58.25,106.47
15-03-2025,16:09:53,image_20250315_160953.jpg,58.55,105.71
15-03-2025,16:09:57,image_20250315_160957.jpg,58.15,106.71
15-03-2025,16:10:01,image_20250315_161001.jpg,68.21,81.06
15-03-2025,16:10:05,image_20250315_161005.jpg,50.57,126.05
15-03-2025,16:10:09,image_20250315_161009.jpg,67.91,81.84
15-03-2025,16:10:13,image_20250315_161013.jpg,33.75,168.94
15-03-2025,16:10:17,image_20250315_161017.jpg,76.02,61.15
15-03-2025,16:10:21,image_20250315_161021.jpg,84.3,40.05
15-03-2025,16:10:25,image_20250315_161025.jpg,74.64,64.68
15-03-2025,16:10:29,image_20250315_161029.jpg,79.29,52.8
15-03-2025,16:10:33,image_20250315_161033.jpg,83.51,42.06
15-03-2025,16:10:37,image_20250315_161037.jpg,2.19,249.41
15-03-2025,16:10:41,image_20250315_161041.jpg,5.42,241.17
15-03-2025,16:10:45,image_20250315_161045.jpg,73.73,66.98
15-03-2025,16:10:49,image_20250315_161049.jpg,73.69,67.08
15-03-2025,16:10:53,image_20250315_161053.jpg,74.15,65.92
15-03-2025,16:10:57,image_20250315_161057.jpg,74.93,63.93
15-03-2025,16:11:00,image_20250315_161100.jpg,73.93,66.47
15-03-2025,16:11:04,image_20250315_161104.jpg,75.62,62.17
15-03-2025,16:11:08,image_20250315_161108.jpg,77.52,57.32
15-03-2025,16:11:12,image_20250315_161112.jpg,88.37,29.66
15-03-2025,16:11:16,image_20250315_161116.jpg,76.54,59.83
15-03-2025,16:11:20,image_20250315_161120.jpg,76.64,59.56
15-03-2025,16:11:25,image_20250315_161125.jpg,80.68,49.26
15-03-2025,16:11:29,image_20250315_161129.jpg,83.99,40.82
15-03-2025,16:11:33,image_20250315_161133.jpg,74.97,63.82
15-03-2025,16:11:37,image_20250315_161137.jpg,77.89,56.38
15-03-2025,16:11:41,image_20250315_161141.jpg,83.62,41.77
15-03-2025,16:11:45,image_20250315_161145.jpg,77.58,57.18
15-03-2025,16:11:49,image_20250315_161149.jpg,75.06,63.59
15-03-2025,16:11:53,image_20250315_161153.jpg,74.88,64.06
15-03-2025,16:11:57,image_20250315_161157.jpg,75.01,63.71
15-03-2025,16:12:01,image_20250315_161201.jpg,76.36,60.29
15-03-2025,16:12:05,image_20250315_161205.jpg,77.11,58.37
15-03-2025,16:12:09,image_20250315_161209.jpg,74.84,64.16
15-03-2025,16:12:13,image_20250315_161213.jpg,74.57,64.84
15-03-2025,16:12:17,image_20250315_161217.jpg,78.94,53.69
15-03-2025,16:12:21,image_20250315_161221.jpg,76.78,59.22
15-03-2025,16:12:25,image_20250315_161225.jpg,82.21,45.36
15-03-2025,16:12:29,image_20250315_161229.jpg,83.32,42.54
15-03-2025,16:12:33,image_20250315_161233.jpg,84.38,39.83
15-03-2025,16:12:37,image_20250315_161237.jpg,83.86,41.15
15-03-2025,16:12:41,image_20250315_161241.jpg,84.25,40.18
15-03-2025,16:12:45,image_20250315_161245.jpg,77.4,57.63
15-03-2025,16:12:50,image_20250315_161250.jpg,84.22,40.23
15-03-2025,16:12:54,image_20250315_161254.jpg,83.69,41.6
15-03-2025,16:12:58,image_20250315_161258.jpg,84.21,40.26
15-03-2025,16:13:02,image_20250315_161302.jpg,83.59,41.85
15-03-2025,16:13:06,image_20250315_161306.jpg,83.87,41.12
15-03-2025,16:13:09,image_20250315_161309.jpg,83.71,41.54
